filename,target,cropped_path
0_image_1.jpg,8.0,
0_image_2.jpg,8.0,
0_image_3.jpg,8.0,
0_image_4.jpg,8.0,images/0_image_4.jpg
1_image_1.jpg,9.8,images/1_image_1.jpg
2_image_1.jpg,14.33,
3_image_1.jpg,23.33,images/3_image_1.jpg
3_image_2.jpg,23.33,images/3_image_2.jpg
4_image_1.jpg,17.8,images/4_image_1.jpg
4_image_2.jpg,17.8,
4_image_3.jpg,17.8,
5_image_1.png,10.25,
6_image_1.jpeg,11.0,images/6_image_1.jpeg
7_image_1.jpg,10.25,
7_image_2.jpg,10.25,
7_image_3.jpg,10.25,
7_image_4.jpg,10.25,
8_image_1.jpg,11.5,
9_image_1.jpg,11.83,images/9_image_1.jpg
9_image_2.jpg,11.83,images/9_image_2.jpg
10_image_1.jpg,13.33,images/10_image_1.jpg
10_image_2.jpg,13.33,images/10_image_2.jpg
11_image_1.jpeg,16.4,images/11_image_1.jpeg
12_image_1.jpg,21.5,images/12_image_1.jpg
12_image_2.jpg,21.5,images/12_image_2.jpg
12_image_3.jpg,21.5,images/12_image_3.jpg
12_image_4.jpg,21.5,images/12_image_4.jpg
13_image_1.jpeg,13.25,
14_image_1.jpg,17.0,images/14_image_1.jpg
14_image_2.jpg,17.0,images/14_image_2.jpg
15_image_1.jpg,12.0,images/15_image_1.jpg
16_image_1.jpg,11.67,images/16_image_1.jpg
16_image_2.jpg,11.67,
16_image_3.jpg,11.67,images/16_image_3.jpg
16_image_4.jpg,11.67,images/16_image_4.jpg
17_image_1.jpg,12.5,images/17_image_1.jpg
18_image_1.jpg,9.75,
18_image_2.jpg,9.75,images/18_image_2.jpg
18_image_3.jpg,9.75,images/18_image_3.jpg
19_image_1.jpeg,11.5,images/19_image_1.jpeg
20_image_1.jpg,13.0,
20_image_2.jpg,13.0,
21_image_1.jpg,11.0,images/21_image_1.jpg
21_image_2.jpg,11.0,images/21_image_2.jpg
22_image_1.jpg,13.0,images/22_image_1.jpg
23_image_1.jpeg,11.0,images/23_image_1.jpeg
24_image_1.jpg,11.0,images/24_image_1.jpg
24_image_2.jpg,11.0,images/24_image_2.jpg
24_image_3.jpg,11.0,images/24_image_3.jpg
24_image_4.jpg,11.0,images/24_image_4.jpg
25_image_1.jpg,12.43,images/25_image_1.jpg
25_image_2.jpg,12.43,images/25_image_2.jpg
26_image_1.jpg,13.0,images/26_image_1.jpg
26_image_2.jpg,13.0,images/26_image_2.jpg
26_image_3.jpg,13.0,images/26_image_3.jpg
26_image_4.jpg,13.0,
27_image_1.png,14.5,images/27_image_1.png
27_image_2.png,14.5,images/27_image_2.png
28_image_1.jpg,9.0,images/28_image_1.jpg
29_image_1.jpg,16.0,images/29_image_1.jpg
29_image_2.jpg,16.0,images/29_image_2.jpg
30_image_1.jpg,14.0,images/30_image_1.jpg
30_image_2.jpg,14.0,images/30_image_2.jpg
32_image_1.jpg,10.89,images/32_image_1.jpg
32_image_2.jpg,10.89,images/32_image_2.jpg
32_image_3.jpg,10.89,images/32_image_3.jpg
32_image_4.jpg,10.89,images/32_image_4.jpg
33_image_1.jpg,16.67,images/33_image_1.jpg
33_image_2.jpg,16.67,images/33_image_2.jpg
33_image_3.jpg,16.67,
33_image_4.jpg,16.67,images/33_image_4.jpg
34_image_1.jpeg,10.17,images/34_image_1.jpeg
35_image_1.jpg,9.75,images/35_image_1.jpg
36_image_1.jpg,16.75,images/36_image_1.jpg
36_image_2.jpg,16.75,images/36_image_2.jpg
37_image_1.jpg,12.83,images/37_image_1.jpg
37_image_2.jpg,12.83,images/37_image_2.jpg
37_image_3.jpg,12.83,images/37_image_3.jpg
38_image_1.jpg,10.5,images/38_image_1.jpg
39_image_1.jpg,13.14,images/39_image_1.jpg
39_image_2.jpg,13.14,images/39_image_2.jpg
39_image_3.jpg,13.14,images/39_image_3.jpg
39_image_4.jpg,13.14,images/39_image_4.jpg
40_image_1.png,13.0,images/40_image_1.png
40_image_2.png,13.0,images/40_image_2.png
41_image_1.jpg,15.5,images/41_image_1.jpg
41_image_2.jpg,15.5,images/41_image_2.jpg
42_image_1.jpg,9.0,images/42_image_1.jpg
42_image_2.jpg,9.0,images/42_image_2.jpg
42_image_3.jpg,9.0,images/42_image_3.jpg
42_image_4.jpg,9.0,images/42_image_4.jpg
43_image_1.jpg,15.0,images/43_image_1.jpg
44_image_1.jpeg,13.0,images/44_image_1.jpeg
45_image_1.jpg,12.33,images/45_image_1.jpg
45_image_2.jpg,12.33,
45_image_3.jpg,12.33,images/45_image_3.jpg
46_image_1.jpg,6.0,images/46_image_1.jpg
47_image_1.jpg,14.0,images/47_image_1.jpg
48_image_1.jpeg,8.6,images/48_image_1.jpeg
49_image_1.jpg,19.75,images/49_image_1.jpg
49_image_2.jpg,19.75,images/49_image_2.jpg
49_image_3.jpg,19.75,images/49_image_3.jpg
49_image_4.jpg,19.75,images/49_image_4.jpg
50_image_1.jpg,23.0,images/50_image_1.jpg
50_image_2.png,23.0,images/50_image_2.png
50_image_3.jpg,23.0,images/50_image_3.jpg
50_image_4.png,23.0,images/50_image_4.png
51_image_1.jpg,10.5,images/51_image_1.jpg
51_image_2.jpg,10.5,images/51_image_2.jpg
51_image_3.jpg,10.5,images/51_image_3.jpg
51_image_4.jpg,10.5,images/51_image_4.jpg
52_image_1.jpg,11.33,images/52_image_1.jpg
52_image_2.jpg,11.33,images/52_image_2.jpg
52_image_3.jpg,11.33,images/52_image_3.jpg
52_image_4.jpg,11.33,images/52_image_4.jpg
53_image_1.jpg,12.0,images/53_image_1.jpg
53_image_2.jpg,12.0,images/53_image_2.jpg
53_image_3.jpg,12.0,images/53_image_3.jpg
53_image_4.jpg,12.0,images/53_image_4.jpg
54_image_1.jpg,14.5,images/54_image_1.jpg
55_image_1.jpg,10.43,images/55_image_1.jpg
56_image_1.jpg,29.25,images/56_image_1.jpg
56_image_2.jpg,29.25,images/56_image_2.jpg
56_image_3.jpg,29.25,images/56_image_3.jpg
56_image_4.jpg,29.25,
57_image_1.jpg,13.5,
57_image_2.jpg,13.5,images/57_image_2.jpg
57_image_3.jpg,13.5,images/57_image_3.jpg
57_image_4.jpg,13.5,images/57_image_4.jpg
58_image_1.jpg,12.0,
59_image_1.jpg,10.0,
59_image_2.jpg,10.0,images/59_image_2.jpg
59_image_3.jpg,10.0,images/59_image_3.jpg
59_image_4.jpg,10.0,images/59_image_4.jpg
60_image_1.jpg,17.8,images/60_image_1.jpg
61_image_1.jpg,15.0,images/61_image_1.jpg
61_image_2.jpg,15.0,images/61_image_2.jpg
61_image_3.jpg,15.0,images/61_image_3.jpg
62_image_1.jpeg,9.0,images/62_image_1.jpeg
63_image_1.jpg,14.33,images/63_image_1.jpg
63_image_2.jpg,14.33,images/63_image_2.jpg
63_image_3.jpg,14.33,images/63_image_3.jpg
64_image_1.jpg,14.33,images/64_image_1.jpg
64_image_2.jpg,14.33,images/64_image_2.jpg
65_image_1.jpg,13.4,images/65_image_1.jpg
67_image_1.jpg,9.64,images/67_image_1.jpg
67_image_2.jpg,9.64,images/67_image_2.jpg
67_image_3.jpg,9.64,images/67_image_3.jpg
67_image_4.jpg,9.64,images/67_image_4.jpg
68_image_1.jpeg,8.0,images/68_image_1.jpeg
69_image_1.jpg,19.5,
69_image_2.jpg,19.5,images/69_image_2.jpg
69_image_3.jpg,19.5,images/69_image_3.jpg
69_image_4.jpg,19.5,images/69_image_4.jpg
70_image_1.jpg,21.44,images/70_image_1.jpg
70_image_2.jpg,21.44,images/70_image_2.jpg
70_image_3.jpg,21.44,images/70_image_3.jpg
71_image_1.jpg,13.2,images/71_image_1.jpg
71_image_2.jpg,13.2,images/71_image_2.jpg
71_image_3.jpg,13.2,images/71_image_3.jpg
71_image_4.jpg,13.2,images/71_image_4.jpg
72_image_1.jpg,12.86,images/72_image_1.jpg
72_image_2.jpg,12.86,images/72_image_2.jpg
72_image_3.jpg,12.86,images/72_image_3.jpg
72_image_4.jpg,12.86,images/72_image_4.jpg
73_image_1.png,17.0,images/73_image_1.png
74_image_1.jpg,8.86,images/74_image_1.jpg
74_image_2.jpg,8.86,images/74_image_2.jpg
74_image_3.jpg,8.86,images/74_image_3.jpg
74_image_4.jpg,8.86,images/74_image_4.jpg
75_image_1.jpeg,14.0,images/75_image_1.jpeg
76_image_1.jpeg,12.67,images/76_image_1.jpeg
77_image_1.jpg,13.33,images/77_image_1.jpg
77_image_2.jpg,13.33,images/77_image_2.jpg
77_image_3.jpg,13.33,
77_image_4.jpg,13.33,images/77_image_4.jpg
78_image_1.jpg,16.67,images/78_image_1.jpg
78_image_2.jpg,16.67,images/78_image_2.jpg
78_image_3.jpg,16.67,
78_image_4.jpg,16.67,
79_image_1.jpg,14.5,images/79_image_1.jpg
80_image_1.jpg,16.0,images/80_image_1.jpg
81_image_1.png,17.0,images/81_image_1.png
82_image_1.jpg,9.0,images/82_image_1.jpg
82_image_2.jpg,9.0,images/82_image_2.jpg
83_image_1.jpg,10.75,
84_image_1.jpg,14.0,images/84_image_1.jpg
84_image_2.jpg,14.0,images/84_image_2.jpg
84_image_3.jpg,14.0,images/84_image_3.jpg
84_image_4.jpg,14.0,
85_image_1.jpg,16.7,images/85_image_1.jpg
86_image_1.png,16.5,images/86_image_1.png
87_image_1.png,12.0,images/87_image_1.png
88_image_1.jpg,12.8,images/88_image_1.jpg
88_image_2.jpg,12.8,images/88_image_2.jpg
89_image_1.jpg,12.43,images/89_image_1.jpg
90_image_1.jpg,12.0,images/90_image_1.jpg
91_image_1.jpg,9.0,images/91_image_1.jpg
92_image_1.jpg,9.0,images/92_image_1.jpg
92_image_2.jpg,9.0,images/92_image_2.jpg
92_image_3.jpg,9.0,images/92_image_3.jpg
92_image_4.jpg,9.0,images/92_image_4.jpg
93_image_1.jpg,14.33,images/93_image_1.jpg
93_image_2.jpg,14.33,images/93_image_2.jpg
94_image_1.jpeg,14.0,images/94_image_1.jpeg
95_image_1.jpg,13.6,images/95_image_1.jpg
95_image_2.jpg,13.6,images/95_image_2.jpg
96_image_1.jpeg,17.0,images/96_image_1.jpeg
97_image_1.jpg,12.0,images/97_image_1.jpg
98_image_1.jpg,12.0,images/98_image_1.jpg
99_image_1.jpg,13.0,images/99_image_1.jpg
100_image_1.jpg,10.0,images/100_image_1.jpg
101_image_1.jpg,16.5,images/101_image_1.jpg
102_image_1.jpg,17.33,images/102_image_1.jpg
102_image_2.jpg,17.33,images/102_image_2.jpg
103_image_1.jpg,13.0,images/103_image_1.jpg
104_image_1.jpg,13.67,images/104_image_1.jpg
105_image_1.jpg,13.25,images/105_image_1.jpg
105_image_2.jpg,13.25,images/105_image_2.jpg
106_image_1.jpg,13.5,images/106_image_1.jpg
107_image_1.jpg,7.0,images/107_image_1.jpg
107_image_2.jpg,7.0,images/107_image_2.jpg
107_image_3.jpg,7.0,images/107_image_3.jpg
108_image_1.jpg,19.0,images/108_image_1.jpg
109_image_1.jpg,15.0,images/109_image_1.jpg
109_image_2.jpg,15.0,images/109_image_2.jpg
109_image_3.jpg,15.0,
110_image_1.jpg,20.0,images/110_image_1.jpg
110_image_2.jpg,20.0,images/110_image_2.jpg
111_image_1.jpeg,10.0,
112_image_1.jpg,15.2,images/112_image_1.jpg
112_image_2.jpg,15.2,images/112_image_2.jpg
113_image_1.jpeg,14.0,images/113_image_1.jpeg
114_image_1.jpg,10.0,images/114_image_1.jpg
114_image_2.jpg,10.0,images/114_image_2.jpg
114_image_3.jpg,10.0,images/114_image_3.jpg
114_image_4.jpg,10.0,
115_image_1.jpg,9.22,images/115_image_1.jpg
115_image_2.jpg,9.22,images/115_image_2.jpg
115_image_3.jpg,9.22,images/115_image_3.jpg
115_image_4.jpg,9.22,
116_image_1.jpeg,15.2,images/116_image_1.jpeg
117_image_1.jpg,14.5,images/117_image_1.jpg
117_image_2.jpg,14.5,images/117_image_2.jpg
118_image_1.jpg,6.29,images/118_image_1.jpg
118_image_2.jpg,6.29,images/118_image_2.jpg
118_image_3.jpg,6.29,images/118_image_3.jpg
118_image_4.jpg,6.29,images/118_image_4.jpg
119_image_1.jpg,9.67,images/119_image_1.jpg
120_image_1.jpg,20.0,images/120_image_1.jpg
121_image_1.jpg,10.0,images/121_image_1.jpg
122_image_1.jpg,10.33,images/122_image_1.jpg
122_image_2.jpg,10.33,images/122_image_2.jpg
123_image_1.jpeg,7.75,images/123_image_1.jpeg
124_image_1.jpg,12.0,images/124_image_1.jpg
124_image_2.jpg,12.0,
125_image_1.jpeg,10.0,images/125_image_1.jpeg
126_image_1.jpeg,35.0,images/126_image_1.jpeg
127_image_1.jpg,9.14,images/127_image_1.jpg
127_image_2.jpg,9.14,images/127_image_2.jpg
128_image_1.jpeg,12.25,
129_image_1.jpeg,9.8,images/129_image_1.jpeg
130_image_1.jpg,20.5,images/130_image_1.jpg
130_image_2.jpg,20.5,images/130_image_2.jpg
130_image_3.jpg,20.5,images/130_image_3.jpg
130_image_4.jpg,20.5,images/130_image_4.jpg
131_image_1.jpg,6.0,images/131_image_1.jpg
131_image_2.jpg,6.0,images/131_image_2.jpg
131_image_3.jpg,6.0,images/131_image_3.jpg
131_image_4.jpg,6.0,images/131_image_4.jpg
132_image_1.jpg,10.5,images/132_image_1.jpg
132_image_2.jpg,10.5,images/132_image_2.jpg
132_image_3.jpg,10.5,images/132_image_3.jpg
132_image_4.jpg,10.5,images/132_image_4.jpg
133_image_1.jpeg,15.0,images/133_image_1.jpeg
134_image_1.jpg,14.5,images/134_image_1.jpg
135_image_1.jpg,2.0,
135_image_2.jpg,2.0,images/135_image_2.jpg
135_image_3.jpg,2.0,images/135_image_3.jpg
136_image_1.jpg,13.67,images/136_image_1.jpg
137_image_1.jpg,15.0,images/137_image_1.jpg
137_image_2.jpg,15.0,images/137_image_2.jpg
137_image_3.jpg,15.0,images/137_image_3.jpg
138_image_1.jpg,18.5,images/138_image_1.jpg
139_image_1.jpg,15.0,images/139_image_1.jpg
140_image_1.jpg,14.0,images/140_image_1.jpg
141_image_1.jpg,11.0,images/141_image_1.jpg
141_image_2.jpg,11.0,images/141_image_2.jpg
142_image_1.png,13.5,images/142_image_1.png
143_image_1.jpg,20.0,images/143_image_1.jpg
144_image_1.jpg,12.42,images/144_image_1.jpg
145_image_1.jpg,11.25,images/145_image_1.jpg
145_image_2.jpg,11.25,images/145_image_2.jpg
145_image_3.jpg,11.25,images/145_image_3.jpg
145_image_4.jpg,11.25,images/145_image_4.jpg
146_image_1.jpg,9.33,images/146_image_1.jpg
147_image_1.jpg,11.0,images/147_image_1.jpg
148_image_1.jpeg,20.5,images/148_image_1.jpeg
149_image_1.jpeg,11.67,images/149_image_1.jpeg
150_image_1.jpg,18.0,images/150_image_1.jpg
150_image_2.jpg,18.0,
150_image_3.jpg,18.0,images/150_image_3.jpg
151_image_1.jpeg,9.5,images/151_image_1.jpeg
152_image_1.jpg,9.0,images/152_image_1.jpg
152_image_2.jpg,9.0,images/152_image_2.jpg
152_image_3.jpg,9.0,images/152_image_3.jpg
153_image_1.jpeg,20.5,images/153_image_1.jpeg
154_image_1.jpg,17.75,images/154_image_1.jpg
154_image_2.jpg,17.75,
154_image_3.jpg,17.75,images/154_image_3.jpg
155_image_1.jpg,10.29,images/155_image_1.jpg
155_image_2.jpg,10.29,images/155_image_2.jpg
156_image_1.jpg,12.5,images/156_image_1.jpg
156_image_2.jpg,12.5,images/156_image_2.jpg
156_image_3.jpg,12.5,images/156_image_3.jpg
156_image_4.jpg,12.5,images/156_image_4.jpg
157_image_1.jpg,11.6,images/157_image_1.jpg
158_image_1.jpg,13.0,images/158_image_1.jpg
158_image_2.jpg,13.0,images/158_image_2.jpg
158_image_3.jpg,13.0,images/158_image_3.jpg
158_image_4.jpg,13.0,images/158_image_4.jpg
159_image_1.jpg,22.33,images/159_image_1.jpg
160_image_1.jpg,9.0,images/160_image_1.jpg
161_image_1.jpg,14.0,
162_image_1.jpg,13.33,images/162_image_1.jpg
162_image_2.jpg,13.33,images/162_image_2.jpg
163_image_1.jpg,16.33,images/163_image_1.jpg
163_image_2.jpg,16.33,images/163_image_2.jpg
163_image_3.jpg,16.33,images/163_image_3.jpg
164_image_1.jpg,17.0,images/164_image_1.jpg
165_image_1.jpg,13.33,images/165_image_1.jpg
165_image_2.jpg,13.33,images/165_image_2.jpg
165_image_3.jpg,13.33,images/165_image_3.jpg
166_image_1.jpg,11.0,
167_image_1.png,14.0,images/167_image_1.png
167_image_2.png,14.0,images/167_image_2.png
167_image_3.png,14.0,images/167_image_3.png
168_image_1.jpg,13.5,images/168_image_1.jpg
168_image_2.jpg,13.5,images/168_image_2.jpg
169_image_1.jpg,11.33,images/169_image_1.jpg
171_image_1.jpg,11.5,images/171_image_1.jpg
171_image_2.jpg,11.5,images/171_image_2.jpg
172_image_1.jpg,11.91,images/172_image_1.jpg
172_image_2.jpg,11.91,images/172_image_2.jpg
172_image_3.jpg,11.91,images/172_image_3.jpg
172_image_4.jpg,11.91,images/172_image_4.jpg
173_image_1.jpeg,8.33,
174_image_1.jpg,10.88,images/174_image_1.jpg
174_image_2.jpg,10.88,images/174_image_2.jpg
174_image_3.jpg,10.88,images/174_image_3.jpg
174_image_4.jpg,10.88,images/174_image_4.jpg
175_image_1.jpg,11.0,images/175_image_1.jpg
175_image_2.jpg,11.0,images/175_image_2.jpg
175_image_3.jpg,11.0,images/175_image_3.jpg
175_image_4.jpg,11.0,
177_image_1.jpeg,15.33,images/177_image_1.jpeg
178_image_1.jpeg,19.75,
179_image_1.png,15.0,
179_image_2.png,15.0,
179_image_3.png,15.0,
179_image_4.png,15.0,
180_image_1.jpeg,13.0,images/180_image_1.jpeg
181_image_1.jpeg,9.0,
182_image_1.jpg,25.0,images/182_image_1.jpg
183_image_1.jpg,10.6,images/183_image_1.jpg
183_image_2.jpg,10.6,
183_image_3.jpg,10.6,
184_image_1.jpg,11.0,images/184_image_1.jpg
185_image_1.jpg,17.5,images/185_image_1.jpg
185_image_2.jpg,17.5,
185_image_3.jpg,17.5,
186_image_1.jpg,15.67,
187_image_1.jpg,15.33,images/187_image_1.jpg
188_image_1.jpg,10.0,
189_image_1.jpg,9.0,images/189_image_1.jpg
189_image_2.jpg,9.0,
189_image_3.jpg,9.0,
190_image_1.jpg,11.0,
191_image_1.jpg,13.0,
192_image_1.png,10.0,
192_image_2.png,10.0,
192_image_3.png,10.0,
193_image_1.jpg,11.5,images/193_image_1.jpg
193_image_2.jpg,11.5,
194_image_1.jpg,11.5,
195_image_1.jpg,15.8,images/195_image_1.jpg
196_image_1.jpg,9.0,images/196_image_1.jpg
197_image_1.jpg,10.0,images/197_image_1.jpg
198_image_1.jpg,10.67,images/198_image_1.jpg
199_image_1.jpg,11.67,
200_image_1.jpg,9.75,images/200_image_1.jpg
200_image_2.jpg,9.75,
201_image_1.jpg,10.67,images/201_image_1.jpg
202_image_1.jpg,17.67,images/202_image_1.jpg
202_image_2.jpg,17.67,images/202_image_2.jpg
202_image_3.jpg,17.67,images/202_image_3.jpg
202_image_4.jpg,17.67,images/202_image_4.jpg
203_image_1.jpg,15.0,
203_image_2.jpg,15.0,
203_image_3.jpg,15.0,
203_image_4.jpg,15.0,
204_image_1.jpg,8.0,images/204_image_1.jpg
204_image_2.jpg,8.0,
204_image_3.jpg,8.0,
205_image_1.jpg,20.0,
205_image_2.jpg,20.0,
205_image_3.png,20.0,
205_image_4.jpg,20.0,
206_image_1.png,23.0,
206_image_2.png,23.0,
207_image_1.jpg,16.5,images/207_image_1.jpg
207_image_2.jpg,16.5,images/207_image_2.jpg
207_image_3.jpg,16.5,
207_image_4.jpg,16.5,
208_image_1.jpg,14.0,
208_image_2.jpg,14.0,images/208_image_2.jpg
209_image_1.jpg,12.0,images/209_image_1.jpg
209_image_2.jpg,12.0,images/209_image_2.jpg
210_image_1.jpg,12.67,images/210_image_1.jpg
210_image_2.jpg,12.67,images/210_image_2.jpg
210_image_3.jpg,12.67,
210_image_4.jpg,12.67,
211_image_1.jpg,10.1,
211_image_2.jpg,10.1,
211_image_3.jpg,10.1,
211_image_4.jpg,10.1,
212_image_1.jpeg,9.0,
213_image_1.jpg,11.0,
213_image_2.jpg,11.0,
213_image_3.jpg,11.0,
213_image_4.jpg,11.0,
214_image_1.jpeg,16.0,images/214_image_1.jpeg
215_image_1.jpeg,13.22,
216_image_1.png,15.75,
216_image_2.png,15.75,
216_image_3.png,15.75,
216_image_4.png,15.75,
217_image_1.jpg,8.8,
217_image_2.jpg,8.8,
218_image_1.png,12.33,
219_image_1.jpeg,11.67,
220_image_1.png,10.25,
220_image_2.png,10.25,
221_image_1.jpg,13.67,images/221_image_1.jpg
221_image_2.jpg,13.67,images/221_image_2.jpg
221_image_3.jpg,13.67,images/221_image_3.jpg
221_image_4.jpg,13.67,
222_image_1.jpg,12.0,images/222_image_1.jpg
222_image_2.jpg,12.0,images/222_image_2.jpg
222_image_3.jpg,12.0,images/222_image_3.jpg
223_image_1.jpg,21.0,images/223_image_1.jpg
223_image_2.jpg,21.0,images/223_image_2.jpg
223_image_3.jpg,21.0,
224_image_1.jpg,28.86,images/224_image_1.jpg
224_image_2.jpg,28.86,
224_image_3.png,28.86,
224_image_4.jpg,28.86,
225_image_1.jpg,12.5,
226_image_1.jpg,9.2,images/226_image_1.jpg
227_image_1.jpg,17.67,
227_image_2.jpg,17.67,
227_image_3.jpg,17.67,
227_image_4.jpg,17.67,
228_image_1.jpg,7.14,images/228_image_1.jpg
229_image_1.jpg,13.0,images/229_image_1.jpg
230_image_1.jpg,9.67,images/230_image_1.jpg
230_image_2.jpg,9.67,images/230_image_2.jpg
231_image_1.jpg,16.0,images/231_image_1.jpg
231_image_2.jpg,16.0,images/231_image_2.jpg
232_image_1.jpg,12.25,images/232_image_1.jpg
232_image_2.jpg,12.25,
232_image_3.jpg,12.25,
233_image_1.jpg,14.75,images/233_image_1.jpg
234_image_1.jpg,15.0,images/234_image_1.jpg
234_image_2.jpg,15.0,
235_image_1.jpg,20.29,images/235_image_1.jpg
235_image_2.jpg,20.29,images/235_image_2.jpg
235_image_3.jpg,20.29,images/235_image_3.jpg
235_image_4.jpg,20.29,
236_image_1.jpg,9.62,images/236_image_1.jpg
236_image_2.jpg,9.62,images/236_image_2.jpg
236_image_3.jpg,9.62,images/236_image_3.jpg
237_image_1.jpg,10.0,images/237_image_1.jpg
237_image_2.jpg,10.0,images/237_image_2.jpg
237_image_3.jpg,10.0,
238_image_1.jpg,12.14,images/238_image_1.jpg
238_image_2.jpg,12.14,
239_image_1.jpg,11.0,images/239_image_1.jpg
240_image_1.jpg,13.0,images/240_image_1.jpg
241_image_1.jpg,21.86,
242_image_1.jpg,11.0,images/242_image_1.jpg
243_image_1.jpg,8.5,images/243_image_1.jpg
244_image_1.jpg,10.67,
245_image_1.jpg,9.33,
245_image_2.jpg,9.33,
245_image_3.jpg,9.33,
245_image_4.jpg,9.33,
246_image_1.jpg,17.0,images/246_image_1.jpg
247_image_1.jpg,11.5,images/247_image_1.jpg
247_image_2.jpg,11.5,images/247_image_2.jpg
248_image_1.jpg,14.25,images/248_image_1.jpg
248_image_2.jpg,14.25,images/248_image_2.jpg
249_image_1.jpg,22.0,images/249_image_1.jpg
249_image_2.jpg,22.0,images/249_image_2.jpg
249_image_3.jpg,22.0,images/249_image_3.jpg
249_image_4.jpg,22.0,images/249_image_4.jpg
250_image_1.jpg,18.8,images/250_image_1.jpg
250_image_2.jpg,18.8,images/250_image_2.jpg
250_image_3.jpg,18.8,
250_image_4.jpg,18.8,images/250_image_4.jpg
251_image_1.jpg,12.33,images/251_image_1.jpg
251_image_2.jpg,12.33,images/251_image_2.jpg
251_image_3.jpg,12.33,images/251_image_3.jpg
251_image_4.jpg,12.33,
252_image_1.jpg,18.5,
252_image_2.jpg,18.5,
252_image_3.jpg,18.5,
253_image_1.jpeg,6.8,
254_image_1.jpeg,21.0,
255_image_1.jpg,16.67,images/255_image_1.jpg
255_image_2.jpg,16.67,images/255_image_2.jpg
255_image_3.jpg,16.67,
255_image_4.jpg,16.67,
256_image_1.jpg,13.33,images/256_image_1.jpg
256_image_2.jpg,13.33,images/256_image_2.jpg
256_image_3.jpg,13.33,images/256_image_3.jpg
257_image_1.jpg,11.4,images/257_image_1.jpg
257_image_2.jpg,11.4,images/257_image_2.jpg
257_image_3.jpg,11.4,images/257_image_3.jpg
257_image_4.jpg,11.4,
258_image_1.jpg,9.0,images/258_image_1.jpg
258_image_2.jpg,9.0,
258_image_3.jpg,9.0,
259_image_1.jpg,9.67,images/259_image_1.jpg
260_image_1.jpg,10.0,
260_image_2.jpg,10.0,
260_image_3.jpg,10.0,
260_image_4.jpg,10.0,
261_image_1.jpg,20.0,images/261_image_1.jpg
262_image_1.jpg,15.0,images/262_image_1.jpg
263_image_1.jpg,12.0,
264_image_1.png,11.0,
265_image_1.jpg,15.0,
265_image_2.jpg,15.0,
265_image_3.jpg,15.0,
265_image_4.jpg,15.0,
266_image_1.jpg,13.0,images/266_image_1.jpg
267_image_1.jpg,12.5,images/267_image_1.jpg
268_image_1.jpg,23.5,images/268_image_1.jpg
268_image_2.jpg,23.5,images/268_image_2.jpg
268_image_3.jpg,23.5,images/268_image_3.jpg
268_image_4.jpg,23.5,images/268_image_4.jpg
269_image_1.jpg,12.17,images/269_image_1.jpg
269_image_2.jpg,12.17,
269_image_3.jpg,12.17,
269_image_4.jpg,12.17,
270_image_1.jpg,8.0,images/270_image_1.jpg
271_image_1.jpg,14.0,images/271_image_1.jpg
272_image_1.jpg,11.5,images/272_image_1.jpg
272_image_2.jpg,11.5,images/272_image_2.jpg
273_image_1.jpg,11.14,images/273_image_1.jpg
273_image_2.jpg,11.14,
274_image_1.jpg,12.25,
275_image_1.jpg,12.5,images/275_image_1.jpg
276_image_1.jpg,12.6,images/276_image_1.jpg
277_image_1.jpg,18.67,images/277_image_1.jpg
277_image_2.jpg,18.67,images/277_image_2.jpg
277_image_3.jpg,18.67,
277_image_4.jpg,18.67,images/277_image_4.jpg
278_image_1.jpg,17.0,
278_image_2.jpg,17.0,
278_image_3.jpg,17.0,
278_image_4.jpg,17.0,
279_image_1.jpg,11.75,images/279_image_1.jpg
280_image_1.jpg,18.8,
280_image_2.jpg,18.8,
280_image_3.jpg,18.8,
281_image_1.jpg,7.67,images/281_image_1.jpg
281_image_2.jpg,7.67,
282_image_1.jpg,13.0,images/282_image_1.jpg
283_image_1.jpg,11.0,images/283_image_1.jpg
283_image_2.jpg,11.0,
283_image_3.jpg,11.0,images/283_image_3.jpg
284_image_1.jpg,15.0,images/284_image_1.jpg
284_image_2.jpg,15.0,images/284_image_2.jpg
284_image_3.jpg,15.0,images/284_image_3.jpg
284_image_4.jpg,15.0,
285_image_1.jpg,11.5,
285_image_2.jpg,11.5,
285_image_3.jpg,11.5,
286_image_1.png,13.0,
287_image_1.jpg,10.5,images/287_image_1.jpg
288_image_1.jpg,9.0,
288_image_2.jpg,9.0,
289_image_1.jpeg,19.33,images/289_image_1.jpeg
290_image_1.jpeg,14.5,images/290_image_1.jpeg
291_image_1.jpeg,12.4,
292_image_1.jpg,11.0,
292_image_2.jpg,11.0,
292_image_3.jpg,11.0,
292_image_4.jpg,11.0,
293_image_1.jpeg,11.33,
294_image_1.jpg,13.5,images/294_image_1.jpg
294_image_2.jpg,13.5,images/294_image_2.jpg
294_image_3.jpg,13.5,images/294_image_3.jpg
295_image_1.jpg,15.67,
295_image_2.jpg,15.67,
295_image_3.jpg,15.67,
295_image_4.jpg,15.67,
296_image_1.jpeg,10.2,images/296_image_1.jpeg
297_image_1.jpeg,14.0,
298_image_1.jpeg,9.5,
299_image_1.jpg,18.6,images/299_image_1.jpg
299_image_2.jpg,18.6,images/299_image_2.jpg
300_image_1.jpg,14.5,images/300_image_1.jpg
300_image_2.jpg,14.5,images/300_image_2.jpg
300_image_3.jpg,14.5,images/300_image_3.jpg
300_image_4.jpg,14.5,images/300_image_4.jpg
301_image_1.jpg,13.33,images/301_image_1.jpg
301_image_2.jpg,13.33,images/301_image_2.jpg
301_image_3.jpg,13.33,
301_image_4.jpg,13.33,
302_image_1.jpg,9.56,
302_image_2.jpg,9.56,
303_image_1.png,10.0,
303_image_2.png,10.0,
303_image_3.png,10.0,
304_image_1.jpg,25.0,
304_image_2.jpg,25.0,
304_image_3.jpg,25.0,
304_image_4.jpg,25.0,
305_image_1.jpeg,2.0,images/305_image_1.jpeg
306_image_1.jpeg,14.0,images/306_image_1.jpeg
307_image_1.jpeg,8.0,images/307_image_1.jpeg
308_image_1.jpeg,15.12,
309_image_1.jpg,10.2,images/309_image_1.jpg
309_image_2.jpg,10.2,
309_image_3.jpg,10.2,
309_image_4.jpg,10.2,
310_image_1.jpg,7.5,
310_image_2.jpg,7.5,
311_image_1.jpeg,14.0,
312_image_1.jpg,12.4,
312_image_2.jpg,12.4,
312_image_3.jpg,12.4,
313_image_1.jpeg,18.0,
314_image_1.jpg,13.82,
314_image_2.jpg,13.82,
314_image_3.jpg,13.82,
314_image_4.jpg,13.82,
315_image_1.png,20.0,
316_image_1.jpg,20.67,images/316_image_1.jpg
316_image_2.jpg,20.67,images/316_image_2.jpg
317_image_1.jpg,10.0,
317_image_2.jpg,10.0,
317_image_3.jpg,10.0,
317_image_4.jpg,10.0,
318_image_1.jpg,9.0,
318_image_2.jpg,9.0,images/318_image_2.jpg
319_image_1.jpg,32.5,images/319_image_1.jpg
319_image_2.jpg,32.5,images/319_image_2.jpg
320_image_1.jpg,14.25,images/320_image_1.jpg
320_image_2.jpg,14.25,
321_image_1.jpg,15.0,images/321_image_1.jpg
322_image_1.jpg,14.0,images/322_image_1.jpg
323_image_1.jpg,15.78,images/323_image_1.jpg
324_image_1.jpg,8.5,
325_image_1.png,9.5,
326_image_1.jpg,13.22,images/326_image_1.jpg
326_image_2.jpg,13.22,
327_image_1.jpg,9.0,
328_image_1.png,20.5,
329_image_1.jpg,11.0,
329_image_2.jpg,11.0,
329_image_3.jpg,11.0,
330_image_1.jpg,14.93,images/330_image_1.jpg
331_image_1.jpg,11.67,images/331_image_1.jpg
332_image_1.jpg,16.0,images/332_image_1.jpg
332_image_2.jpg,16.0,images/332_image_2.jpg
332_image_3.jpg,16.0,
332_image_4.jpg,16.0,
333_image_1.jpg,15.0,images/333_image_1.jpg
333_image_2.jpg,15.0,images/333_image_2.jpg
334_image_1.jpg,17.5,images/334_image_1.jpg
334_image_2.jpg,17.5,
334_image_3.jpg,17.5,
335_image_1.jpg,19.83,
336_image_1.jpg,13.5,images/336_image_1.jpg
337_image_1.jpg,8.25,images/337_image_1.jpg
337_image_2.jpg,8.25,images/337_image_2.jpg
337_image_3.jpg,8.25,images/337_image_3.jpg
337_image_4.jpg,8.25,images/337_image_4.jpg
338_image_1.jpg,11.2,images/338_image_1.jpg
338_image_2.jpg,11.2,
338_image_3.jpg,11.2,
338_image_4.jpg,11.2,
339_image_1.jpg,16.17,
341_image_1.jpg,18.0,images/341_image_1.jpg
341_image_2.jpg,18.0,
341_image_3.jpg,18.0,
341_image_4.jpg,18.0,
342_image_1.jpg,18.0,images/342_image_1.jpg
343_image_1.jpg,15.0,images/343_image_1.jpg
344_image_1.jpg,16.0,
344_image_2.jpg,16.0,images/344_image_2.jpg
344_image_3.jpg,16.0,
344_image_4.png,16.0,
345_image_1.jpg,14.0,images/345_image_1.jpg
345_image_2.jpg,14.0,
345_image_3.jpg,14.0,
346_image_1.jpg,15.6,images/346_image_1.jpg
347_image_1.jpg,13.2,images/347_image_1.jpg
347_image_2.jpg,13.2,images/347_image_2.jpg
347_image_3.jpg,13.2,
347_image_4.jpg,13.2,
348_image_1.jpg,9.8,images/348_image_1.jpg
348_image_2.jpg,9.8,images/348_image_2.jpg
349_image_1.jpg,16.0,images/349_image_1.jpg
349_image_2.jpg,16.0,
349_image_3.jpg,16.0,
349_image_4.jpg,16.0,
350_image_1.jpg,13.0,images/350_image_1.jpg
351_image_1.jpg,13.5,images/351_image_1.jpg
351_image_2.jpg,13.5,images/351_image_2.jpg
351_image_3.jpg,13.5,images/351_image_3.jpg
351_image_4.jpg,13.5,images/351_image_4.jpg
352_image_1.jpg,11.33,
352_image_2.jpg,11.33,
352_image_3.jpg,11.33,
352_image_4.jpg,11.33,
353_image_1.png,14.38,
353_image_2.png,14.38,
353_image_3.png,14.38,
354_image_1.jpg,16.0,
354_image_2.jpg,16.0,
354_image_3.jpg,16.0,
355_image_1.jpeg,15.5,images/355_image_1.jpeg
356_image_1.jpeg,16.0,
357_image_1.jpg,9.5,
357_image_2.jpg,9.5,
357_image_3.jpg,9.5,
357_image_4.jpg,9.5,
358_image_1.jpeg,13.67,images/358_image_1.jpeg
359_image_1.jpeg,14.0,
360_image_1.jpeg,13.2,
361_image_1.jpg,14.8,images/361_image_1.jpg
361_image_2.jpg,14.8,images/361_image_2.jpg
361_image_3.jpg,14.8,images/361_image_3.jpg
361_image_4.jpg,14.8,images/361_image_4.jpg
362_image_1.jpg,11.0,
362_image_2.jpg,11.0,
362_image_3.jpg,11.0,
362_image_4.jpg,11.0,
363_image_1.jpeg,15.62,
364_image_1.jpg,12.25,
364_image_2.jpg,12.25,
365_image_1.jpeg,11.0,
366_image_1.jpg,16.33,images/366_image_1.jpg
366_image_2.jpg,16.33,images/366_image_2.jpg
367_image_1.jpg,8.91,
367_image_2.jpg,8.91,
368_image_1.jpeg,10.5,
369_image_1.jpg,14.14,
369_image_2.jpg,14.14,
370_image_1.jpeg,13.33,
371_image_1.jpg,10.5,
371_image_2.jpg,10.5,
372_image_1.jpeg,12.0,
373_image_1.png,14.25,
373_image_2.png,14.25,
373_image_3.png,14.25,
373_image_4.png,14.25,
374_image_1.jpeg,21.6,images/374_image_1.jpeg
375_image_1.jpeg,10.0,
376_image_1.jpg,14.17,
376_image_2.jpg,14.17,
376_image_3.jpg,14.17,
376_image_4.jpg,14.17,
377_image_1.jpeg,14.5,
378_image_1.jpg,15.0,
378_image_2.jpg,15.0,
378_image_3.jpg,15.0,
379_image_1.jpeg,14.4,
380_image_1.jpg,21.67,
380_image_2.jpg,21.67,
380_image_3.jpg,21.67,
380_image_4.jpg,21.67,
381_image_1.jpeg,9.33,
382_image_1.jpg,13.0,images/382_image_1.jpg
383_image_1.jpg,17.0,
384_image_1.png,11.0,
385_image_1.jpg,11.0,images/385_image_1.jpg
386_image_1.jpg,20.0,images/386_image_1.jpg
387_image_1.jpg,11.78,images/387_image_1.jpg
388_image_1.jpg,22.0,images/388_image_1.jpg
388_image_2.jpg,22.0,images/388_image_2.jpg
388_image_3.jpg,22.0,
388_image_4.jpg,22.0,
389_image_1.jpg,12.25,images/389_image_1.jpg
389_image_2.jpg,12.25,images/389_image_2.jpg
390_image_1.jpg,16.0,images/390_image_1.jpg
390_image_2.jpg,16.0,
391_image_1.jpg,13.0,images/391_image_1.jpg
392_image_1.jpg,13.6,images/392_image_1.jpg
392_image_2.jpg,13.6,
393_image_1.jpg,16.71,images/393_image_1.jpg
393_image_2.jpg,16.71,
393_image_3.jpg,16.71,
394_image_1.jpg,15.0,images/394_image_1.jpg
395_image_1.jpg,12.0,
396_image_1.png,25.0,
397_image_1.jpg,22.5,images/397_image_1.jpg
398_image_1.jpg,11.0,images/398_image_1.jpg
399_image_1.jpg,13.75,images/399_image_1.jpg
400_image_1.jpg,17.0,images/400_image_1.jpg
400_image_2.jpg,17.0,images/400_image_2.jpg
401_image_1.jpg,26.67,images/401_image_1.jpg
401_image_2.jpg,26.67,images/401_image_2.jpg
401_image_3.jpg,26.67,images/401_image_3.jpg
401_image_4.jpg,26.67,images/401_image_4.jpg
402_image_1.jpg,12.0,images/402_image_1.jpg
402_image_2.jpg,12.0,images/402_image_2.jpg
402_image_3.jpg,12.0,images/402_image_3.jpg
402_image_4.jpg,12.0,images/402_image_4.jpg
403_image_1.jpg,11.33,images/403_image_1.jpg
403_image_2.jpg,11.33,
403_image_3.jpg,11.33,
403_image_4.jpg,11.33,
404_image_1.jpg,9.0,
405_image_1.png,17.0,
406_image_1.jpg,20.67,images/406_image_1.jpg
406_image_2.jpg,20.67,
407_image_1.jpg,16.4,images/407_image_1.jpg
408_image_1.jpg,12.0,
409_image_1.jpg,7.5,
410_image_1.jpg,12.5,images/410_image_1.jpg
411_image_1.jpg,15.0,
412_image_1.jpg,13.2,images/412_image_1.jpg
413_image_1.jpg,18.2,images/413_image_1.jpg
414_image_1.jpg,13.0,images/414_image_1.jpg
415_image_1.jpg,14.2,
416_image_1.jpg,13.5,images/416_image_1.jpg
417_image_1.jpg,11.75,images/417_image_1.jpg
418_image_1.jpg,24.25,images/418_image_1.jpg
419_image_1.jpg,15.6,images/419_image_1.jpg
420_image_1.jpg,14.71,images/420_image_1.jpg
421_image_1.jpg,12.0,images/421_image_1.jpg
422_image_1.jpg,19.0,images/422_image_1.jpg
423_image_1.jpg,15.0,
424_image_1.jpg,13.0,
425_image_1.jpeg,11.86,
426_image_1.png,12.4,
427_image_1.jpeg,11.0,images/427_image_1.jpeg
428_image_1.jpeg,13.11,
429_image_1.png,11.33,
430_image_1.jpeg,11.0,images/430_image_1.jpeg
431_image_1.jpeg,17.33,images/431_image_1.jpeg
432_image_1.jpeg,15.67,images/432_image_1.jpeg
433_image_1.jpeg,21.0,
434_image_1.png,15.0,
435_image_1.jpeg,16.0,images/435_image_1.jpeg
436_image_1.jpeg,11.0,
437_image_1.png,14.83,
438_image_1.jpg,14.25,images/438_image_1.jpg
439_image_1.jpg,11.5,images/439_image_1.jpg
440_image_1.jpg,14.0,images/440_image_1.jpg
441_image_1.jpg,20.0,images/441_image_1.jpg
442_image_1.jpg,18.0,images/442_image_1.jpg
443_image_1.jpg,23.0,
444_image_1.jpg,17.8,
445_image_1.jpg,14.0,images/445_image_1.jpg
446_image_1.jpg,10.0,images/446_image_1.jpg
447_image_1.jpg,12.6,
448_image_1.jpg,10.0,images/448_image_1.jpg
449_image_1.jpg,11.64,
450_image_1.jpg,19.0,images/450_image_1.jpg
451_image_1.jpg,12.0,images/451_image_1.jpg
452_image_1.jpg,9.5,images/452_image_1.jpg
453_image_1.jpg,14.5,images/453_image_1.jpg
454_image_1.jpg,10.0,images/454_image_1.jpg
455_image_1.jpg,10.0,images/455_image_1.jpg
456_image_1.jpg,8.0,images/456_image_1.jpg
457_image_1.jpg,14.0,images/457_image_1.jpg
458_image_1.jpg,15.0,images/458_image_1.jpg
459_image_1.jpg,15.0,images/459_image_1.jpg
460_image_1.jpg,16.0,
461_image_1.jpg,17.5,images/461_image_1.jpg
462_image_1.jpg,17.0,images/462_image_1.jpg
462_image_2.jpg,17.0,images/462_image_2.jpg
462_image_3.jpg,17.0,images/462_image_3.jpg
463_image_1.jpg,14.67,images/463_image_1.jpg
463_image_2.jpg,14.67,images/463_image_2.jpg
463_image_3.jpg,14.67,images/463_image_3.jpg
463_image_4.jpg,14.67,
464_image_1.jpg,11.5,images/464_image_1.jpg
464_image_2.jpg,11.5,
464_image_3.jpg,11.5,
465_image_1.jpg,20.0,images/465_image_1.jpg
466_image_1.jpg,14.25,images/466_image_1.jpg
467_image_1.jpg,7.75,images/467_image_1.jpg
468_image_1.jpg,15.0,images/468_image_1.jpg
469_image_1.jpg,16.0,images/469_image_1.jpg
470_image_1.jpg,12.67,images/470_image_1.jpg
470_image_2.jpg,12.67,
470_image_3.jpg,12.67,
471_image_1.jpg,13.62,images/471_image_1.jpg
472_image_1.jpg,19.67,images/472_image_1.jpg
473_image_1.jpg,12.0,images/473_image_1.jpg
474_image_1.jpg,12.5,
475_image_1.jpeg,15.0,
476_image_1.jpg,12.0,
476_image_2.jpg,12.0,
476_image_3.jpg,12.0,
476_image_4.jpg,12.0,
477_image_1.jpg,19.8,images/477_image_1.jpg
477_image_2.jpg,19.8,images/477_image_2.jpg
478_image_1.jpg,19.33,images/478_image_1.jpg
478_image_2.jpg,19.33,images/478_image_2.jpg
478_image_3.jpg,19.33,images/478_image_3.jpg
479_image_1.jpg,12.67,images/479_image_1.jpg
479_image_2.jpg,12.67,images/479_image_2.jpg
479_image_3.jpg,12.67,
480_image_1.jpg,13.25,
480_image_2.jpg,13.25,
481_image_1.jpeg,16.5,
482_image_1.jpg,19.0,
482_image_2.jpg,19.0,images/482_image_2.jpg
482_image_3.jpg,19.0,
482_image_4.jpg,19.0,
483_image_1.png,13.5,
483_image_2.jpg,13.5,
484_image_1.jpeg,10.5,
485_image_1.jpg,14.25,
485_image_2.jpg,14.25,
486_image_1.jpeg,10.5,images/486_image_1.jpeg
487_image_1.jpeg,12.0,
488_image_1.jpg,9.5,
488_image_2.jpg,9.5,
489_image_1.jpeg,15.0,
490_image_1.jpg,17.0,images/490_image_1.jpg
490_image_2.jpg,17.0,images/490_image_2.jpg
490_image_3.jpg,17.0,images/490_image_3.jpg
491_image_1.jpg,11.75,images/491_image_1.jpg
491_image_2.jpg,11.75,
491_image_3.jpg,11.75,images/491_image_3.jpg
491_image_4.jpg,11.75,
492_image_1.jpg,16.67,images/492_image_1.jpg
492_image_2.jpg,16.67,images/492_image_2.jpg
492_image_3.jpg,16.67,
493_image_1.jpg,16.62,
493_image_2.jpg,16.62,
494_image_1.jpeg,21.33,
495_image_1.jpg,14.0,
495_image_2.jpg,14.0,
496_image_1.jpeg,11.5,
497_image_1.jpg,7.75,images/497_image_1.jpg
497_image_2.jpg,7.75,
497_image_3.jpg,7.75,
497_image_4.jpg,7.75,
498_image_1.jpg,14.33,images/498_image_1.jpg
498_image_2.jpg,14.33,images/498_image_2.jpg
499_image_1.jpg,12.0,images/499_image_1.jpg
499_image_2.jpg,12.0,images/499_image_2.jpg
499_image_3.jpg,12.0,images/499_image_3.jpg
500_image_1.jpg,8.5,images/500_image_1.jpg
500_image_2.jpg,8.5,images/500_image_2.jpg
500_image_3.jpg,8.5,
500_image_4.jpg,8.5,
501_image_1.jpg,17.4,
501_image_2.jpg,17.4,
502_image_1.jpeg,19.6,
503_image_1.jpg,11.4,images/503_image_1.jpg
503_image_2.jpg,11.4,
504_image_1.jpg,12.0,images/504_image_1.jpg
504_image_2.jpg,12.0,images/504_image_2.jpg
504_image_3.jpg,12.0,images/504_image_3.jpg
504_image_4.jpg,12.0,images/504_image_4.jpg
505_image_1.jpg,13.0,images/505_image_1.jpg
505_image_2.jpg,13.0,
505_image_3.jpg,13.0,
505_image_4.jpg,13.0,
506_image_1.jpg,17.5,images/506_image_1.jpg
506_image_2.jpg,17.5,images/506_image_2.jpg
507_image_1.jpg,18.4,images/507_image_1.jpg
507_image_2.jpg,18.4,images/507_image_2.jpg
507_image_3.jpg,18.4,images/507_image_3.jpg
507_image_4.jpg,18.4,images/507_image_4.jpg
508_image_1.jpg,13.2,
508_image_2.jpg,13.2,
508_image_3.jpg,13.2,
508_image_4.jpg,13.2,
509_image_1.jpeg,15.0,
510_image_1.jpg,14.0,
510_image_2.jpg,14.0,
510_image_3.jpg,14.0,
511_image_1.png,13.0,
511_image_2.png,13.0,
511_image_3.png,13.0,
512_image_1.jpg,9.5,
512_image_2.jpg,9.5,
512_image_3.jpg,9.5,
512_image_4.jpg,9.5,
513_image_1.jpg,24.57,
513_image_2.jpg,24.57,
514_image_1.jpeg,12.2,
515_image_1.jpg,10.0,
515_image_2.jpg,10.0,
515_image_3.jpg,10.0,
516_image_1.jpeg,14.0,images/516_image_1.jpeg
517_image_1.jpeg,8.33,images/517_image_1.jpeg
518_image_1.jpeg,13.67,
519_image_1.jpg,11.0,
519_image_2.jpg,11.0,images/519_image_2.jpg
519_image_3.jpg,11.0,
520_image_1.png,15.75,
520_image_2.jpg,15.75,
521_image_1.jpeg,12.0,images/521_image_1.jpeg
522_image_1.jpeg,13.0,
523_image_1.png,12.0,
524_image_1.jpeg,13.0,images/524_image_1.jpeg
525_image_1.jpeg,20.44,
526_image_1.png,16.8,
526_image_2.png,16.8,
526_image_3.png,16.8,
527_image_1.jpeg,13.25,
528_image_1.jpg,15.0,
528_image_2.jpg,15.0,
528_image_3.jpg,15.0,
528_image_4.jpg,15.0,images/528_image_4.jpg
529_image_1.jpg,14.5,
529_image_2.jpg,14.5,
529_image_3.jpg,14.5,
529_image_4.jpg,14.5,
530_image_1.jpeg,14.33,
531_image_1.jpeg,10.5,
532_image_1.jpg,14.83,images/532_image_1.jpg
533_image_1.jpg,15.0,images/533_image_1.jpg
533_image_2.jpg,15.0,images/533_image_2.jpg
533_image_3.jpg,15.0,images/533_image_3.jpg
533_image_4.jpg,15.0,
534_image_1.jpg,9.0,images/534_image_1.jpg
534_image_2.jpg,9.0,images/534_image_2.jpg
534_image_3.jpg,9.0,images/534_image_3.jpg
535_image_1.jpg,15.25,
535_image_2.jpg,15.25,images/535_image_2.jpg
535_image_3.jpg,15.25,
536_image_1.jpg,15.0,images/536_image_1.jpg
536_image_2.jpg,15.0,images/536_image_2.jpg
536_image_3.jpg,15.0,
536_image_4.jpg,15.0,
537_image_1.jpg,14.0,
537_image_2.jpg,14.0,images/537_image_2.jpg
538_image_1.jpg,9.0,images/538_image_1.jpg
538_image_2.jpg,9.0,
538_image_3.jpg,9.0,
538_image_4.jpg,9.0,
539_image_1.jpg,15.33,
540_image_1.jpg,10.71,
540_image_2.jpg,10.71,images/540_image_2.jpg
541_image_1.jpg,20.5,images/541_image_1.jpg
541_image_2.jpg,20.5,
541_image_3.jpg,20.5,
542_image_1.jpg,10.0,images/542_image_1.jpg
543_image_1.jpg,13.5,images/543_image_1.jpg
544_image_1.jpg,17.0,
544_image_2.jpg,17.0,images/544_image_2.jpg
545_image_1.jpg,11.0,images/545_image_1.jpg
545_image_2.jpg,11.0,
545_image_3.jpg,11.0,
546_image_1.jpg,13.75,
547_image_1.jpg,17.0,images/547_image_1.jpg
547_image_2.jpg,17.0,images/547_image_2.jpg
547_image_3.jpg,17.0,images/547_image_3.jpg
548_image_1.jpg,13.0,images/548_image_1.jpg
548_image_2.jpg,13.0,
548_image_3.jpg,13.0,images/548_image_3.jpg
549_image_1.jpg,11.33,
549_image_2.png,11.33,
549_image_3.jpg,11.33,
550_image_1.jpg,7.5,images/550_image_1.jpg
551_image_1.jpg,11.2,images/551_image_1.jpg
552_image_1.jpg,16.0,images/552_image_1.jpg
553_image_1.jpg,7.0,
553_image_2.jpg,7.0,
553_image_3.jpg,7.0,
553_image_4.jpg,7.0,
554_image_1.png,14.5,
555_image_1.jpg,16.5,images/555_image_1.jpg
555_image_2.jpg,16.5,
555_image_3.jpg,16.5,
556_image_1.jpg,13.33,images/556_image_1.jpg
556_image_2.jpg,13.33,images/556_image_2.jpg
557_image_1.jpg,15.0,
557_image_2.jpg,15.0,
558_image_1.jpg,18.0,
559_image_1.jpg,25.0,
560_image_1.png,18.43,
560_image_2.jpg,18.43,images/560_image_2.jpg
561_image_1.jpg,15.0,
561_image_2.jpg,15.0,
561_image_3.jpg,15.0,
562_image_1.jpg,13.5,
563_image_1.png,14.0,
564_image_1.jpg,17.0,images/564_image_1.jpg
565_image_1.jpg,17.0,images/565_image_1.jpg
566_image_1.jpg,11.14,images/566_image_1.jpg
566_image_2.jpg,11.14,
566_image_3.jpg,11.14,
567_image_1.jpg,18.0,images/567_image_1.jpg
568_image_1.jpg,13.67,images/568_image_1.jpg
569_image_1.jpg,19.33,
569_image_2.jpg,19.33,images/569_image_2.jpg
570_image_1.jpg,15.0,images/570_image_1.jpg
570_image_2.jpg,15.0,
570_image_3.jpg,15.0,
571_image_1.jpg,16.0,images/571_image_1.jpg
572_image_1.jpg,19.0,
573_image_1.jpg,11.0,images/573_image_1.jpg
574_image_1.jpg,10.5,images/574_image_1.jpg
575_image_1.jpg,10.5,
575_image_2.jpg,10.5,images/575_image_2.jpg
575_image_3.jpg,10.5,images/575_image_3.jpg
575_image_4.jpg,10.5,
576_image_1.jpg,13.0,images/576_image_1.jpg
576_image_2.jpg,13.0,images/576_image_2.jpg
576_image_3.jpg,13.0,images/576_image_3.jpg
577_image_1.jpg,14.33,images/577_image_1.jpg
577_image_2.jpg,14.33,
577_image_3.jpg,14.33,
577_image_4.jpg,14.33,
578_image_1.jpg,11.5,images/578_image_1.jpg
579_image_1.jpg,9.33,images/579_image_1.jpg
580_image_1.jpg,18.0,images/580_image_1.jpg
581_image_1.jpg,9.0,images/581_image_1.jpg
581_image_2.jpg,9.0,
582_image_1.jpg,18.0,images/582_image_1.jpg
583_image_1.jpg,15.0,images/583_image_1.jpg
583_image_2.jpg,15.0,images/583_image_2.jpg
583_image_3.jpg,15.0,
583_image_4.jpg,15.0,
584_image_1.jpg,8.0,images/584_image_1.jpg
584_image_2.jpg,8.0,images/584_image_2.jpg
585_image_1.jpg,15.5,
585_image_2.jpg,15.5,images/585_image_2.jpg
585_image_3.jpg,15.5,
585_image_4.jpg,15.5,
586_image_1.jpg,14.0,
586_image_2.jpg,14.0,
587_image_1.jpg,13.0,images/587_image_1.jpg
588_image_1.jpg,11.0,images/588_image_1.jpg
589_image_1.jpg,14.0,images/589_image_1.jpg
589_image_2.jpg,14.0,
590_image_1.jpg,13.67,images/590_image_1.jpg
591_image_1.jpg,13.0,images/591_image_1.jpg
591_image_2.jpg,13.0,images/591_image_2.jpg
592_image_1.jpg,18.5,images/592_image_1.jpg
592_image_2.jpg,18.5,images/592_image_2.jpg
592_image_3.jpg,18.5,images/592_image_3.jpg
592_image_4.jpg,18.5,
593_image_1.jpg,11.0,images/593_image_1.jpg
593_image_2.jpg,11.0,
593_image_3.jpg,11.0,
594_image_1.jpg,17.2,images/594_image_1.jpg
595_image_1.jpg,14.0,images/595_image_1.jpg
595_image_2.jpg,14.0,images/595_image_2.jpg
596_image_1.jpg,10.33,images/596_image_1.jpg
596_image_2.jpg,10.33,images/596_image_2.jpg
596_image_3.jpg,10.33,
596_image_4.jpg,10.33,
597_image_1.jpg,10.67,
597_image_2.jpg,10.67,
598_image_1.jpg,12.5,images/598_image_1.jpg
599_image_1.jpg,11.0,images/599_image_1.jpg
599_image_2.jpg,11.0,
599_image_3.jpg,11.0,
599_image_4.jpg,11.0,
600_image_1.jpg,10.0,images/600_image_1.jpg
601_image_1.jpg,12.5,images/601_image_1.jpg
601_image_2.jpg,12.5,
602_image_1.jpg,11.0,images/602_image_1.jpg
602_image_2.jpg,11.0,images/602_image_2.jpg
602_image_3.jpg,11.0,
603_image_1.jpg,13.25,images/603_image_1.jpg
603_image_2.jpg,13.25,images/603_image_2.jpg
604_image_1.jpg,18.0,
604_image_2.jpg,18.0,
604_image_3.jpg,18.0,
605_image_1.jpg,17.0,images/605_image_1.jpg
606_image_1.jpg,14.67,
607_image_1.jpeg,15.5,images/607_image_1.jpeg
608_image_1.jpeg,14.6,
609_image_1.png,15.5,images/609_image_1.png
609_image_2.png,15.5,
610_image_1.png,14.5,
610_image_2.jpg,14.5,
611_image_1.jpg,18.0,images/611_image_1.jpg
611_image_2.jpg,18.0,images/611_image_2.jpg
611_image_3.jpg,18.0,images/611_image_3.jpg
611_image_4.jpg,18.0,
612_image_1.jpg,18.33,
612_image_2.jpg,18.33,
612_image_3.jpg,18.33,
612_image_4.jpg,18.33,
613_image_1.jpeg,11.0,
614_image_1.jpeg,11.0,images/614_image_1.jpeg
615_image_1.jpeg,10.0,
616_image_1.jpg,12.29,
616_image_2.jpg,12.29,
617_image_1.jpeg,14.5,
618_image_1.jpg,15.0,
618_image_2.jpg,15.0,
619_image_1.png,13.0,
620_image_1.jpg,26.5,images/620_image_1.jpg
620_image_2.jpg,26.5,
620_image_3.jpg,26.5,images/620_image_3.jpg
621_image_1.jpg,13.14,images/621_image_1.jpg
621_image_2.jpg,13.14,images/621_image_2.jpg
621_image_3.jpg,13.14,
622_image_1.jpg,20.57,
622_image_2.jpg,20.57,
623_image_1.png,15.33,
624_image_1.jpeg,37.5,
625_image_1.jpg,19.4,
625_image_2.jpg,19.4,images/625_image_2.jpg
625_image_3.jpg,19.4,
626_image_1.jpg,15.0,
626_image_2.jpg,15.0,
626_image_3.jpg,15.0,
626_image_4.jpg,15.0,
627_image_1.jpeg,9.0,images/627_image_1.jpeg
628_image_1.jpeg,14.6,
629_image_1.jpg,9.0,
629_image_2.jpg,9.0,
630_image_1.jpeg,11.0,
631_image_1.jpg,17.5,images/631_image_1.jpg
631_image_2.jpg,17.5,images/631_image_2.jpg
632_image_1.jpg,15.6,
632_image_2.jpg,15.6,images/632_image_2.jpg
633_image_1.jpg,19.0,images/633_image_1.jpg
633_image_2.jpg,19.0,
634_image_1.jpg,12.0,images/634_image_1.jpg
634_image_2.jpg,12.0,images/634_image_2.jpg
635_image_1.jpg,13.5,images/635_image_1.jpg
635_image_2.jpg,13.5,images/635_image_2.jpg
635_image_3.jpg,13.5,
635_image_4.jpg,13.5,
636_image_1.jpg,9.5,
636_image_2.jpg,9.5,
637_image_1.jpeg,17.75,
638_image_1.jpg,17.67,
638_image_2.jpg,17.67,
638_image_3.jpg,17.67,
638_image_4.jpg,17.67,
639_image_1.jpeg,17.5,images/639_image_1.jpeg
640_image_1.jpeg,12.0,
641_image_1.jpg,16.0,images/641_image_1.jpg
641_image_2.jpg,16.0,images/641_image_2.jpg
642_image_1.jpg,11.0,
642_image_2.jpg,11.0,
642_image_3.jpg,11.0,
642_image_4.jpg,11.0,
643_image_1.jpeg,10.0,
644_image_1.jpg,14.5,images/644_image_1.jpg
644_image_2.jpg,14.5,
645_image_1.jpg,10.67,
645_image_2.jpg,10.67,
646_image_1.jpeg,27.14,images/646_image_1.jpeg
647_image_1.jpeg,18.0,images/647_image_1.jpeg
648_image_1.jpeg,13.5,images/648_image_1.jpeg
649_image_1.jpeg,12.0,
650_image_1.png,14.5,
651_image_1.jpg,14.0,images/651_image_1.jpg
651_image_2.jpg,14.0,images/651_image_2.jpg
651_image_3.jpg,14.0,images/651_image_3.jpg
652_image_1.jpg,28.0,images/652_image_1.jpg
652_image_2.jpg,28.0,images/652_image_2.jpg
652_image_3.jpg,28.0,
652_image_4.jpg,28.0,
653_image_1.jpg,11.17,
653_image_2.jpg,11.17,images/653_image_2.jpg
654_image_1.png,12.23,
654_image_2.jpg,12.23,images/654_image_2.jpg
654_image_3.jpg,12.23,
655_image_1.jpg,28.33,images/655_image_1.jpg
655_image_2.jpg,28.33,images/655_image_2.jpg
656_image_1.jpg,11.5,images/656_image_1.jpg
656_image_2.jpg,11.5,images/656_image_2.jpg
657_image_1.jpg,18.8,images/657_image_1.jpg
657_image_2.jpg,18.8,images/657_image_2.jpg
658_image_1.jpg,14.75,
658_image_2.jpg,14.75,
658_image_3.jpg,14.75,
658_image_4.jpg,14.75,
659_image_1.jpeg,15.0,images/659_image_1.jpeg
660_image_1.jpeg,13.6,
661_image_1.jpg,12.86,
661_image_2.jpg,12.86,images/661_image_2.jpg
661_image_3.jpg,12.86,images/661_image_3.jpg
661_image_4.jpg,12.86,
662_image_1.jpg,35.86,images/662_image_1.jpg
662_image_2.jpg,35.86,images/662_image_2.jpg
662_image_3.jpg,35.86,images/662_image_3.jpg
663_image_1.jpg,17.0,images/663_image_1.jpg
663_image_2.jpg,17.0,images/663_image_2.jpg
663_image_3.jpg,17.0,images/663_image_3.jpg
664_image_1.jpg,13.67,
664_image_2.jpg,13.67,
664_image_3.jpg,13.67,
665_image_1.png,14.73,
666_image_1.jpg,12.4,images/666_image_1.jpg
666_image_2.jpg,12.4,images/666_image_2.jpg
666_image_3.jpg,12.4,
667_image_1.jpg,14.5,
667_image_2.jpg,14.5,images/667_image_2.jpg
668_image_1.jpg,22.0,images/668_image_1.jpg
668_image_2.jpg,22.0,images/668_image_2.jpg
669_image_1.jpg,19.0,images/669_image_1.jpg
669_image_2.jpg,19.0,images/669_image_2.jpg
669_image_3.jpg,19.0,images/669_image_3.jpg
669_image_4.jpg,19.0,
670_image_1.jpg,11.0,images/670_image_1.jpg
670_image_2.jpg,11.0,images/670_image_2.jpg
670_image_3.jpg,11.0,images/670_image_3.jpg
671_image_1.jpg,19.0,images/671_image_1.jpg
671_image_2.jpg,19.0,images/671_image_2.jpg
671_image_3.jpg,19.0,
671_image_4.jpg,19.0,
672_image_1.jpg,17.5,
672_image_2.jpg,17.5,images/672_image_2.jpg
672_image_3.jpg,17.5,images/672_image_3.jpg
673_image_1.jpg,11.5,
673_image_2.jpg,11.5,
673_image_3.jpg,11.5,
673_image_4.jpg,11.5,
674_image_1.png,9.5,
675_image_1.jpg,20.0,images/675_image_1.jpg
676_image_1.jpg,14.86,images/676_image_1.jpg
676_image_2.jpg,14.86,images/676_image_2.jpg
676_image_3.jpg,14.86,
676_image_4.jpg,14.86,
677_image_1.jpg,10.0,images/677_image_1.jpg
677_image_2.jpg,10.0,images/677_image_2.jpg
678_image_1.jpg,21.8,images/678_image_1.jpg
678_image_2.jpg,21.8,
679_image_1.jpg,16.0,images/679_image_1.jpg
680_image_1.jpg,17.0,images/680_image_1.jpg
681_image_1.jpg,13.33,images/681_image_1.jpg
682_image_1.jpg,13.33,images/682_image_1.jpg
683_image_1.jpg,18.38,images/683_image_1.jpg
683_image_2.jpg,18.38,
683_image_3.jpg,18.38,
684_image_1.jpg,13.67,images/684_image_1.jpg
685_image_1.jpg,15.0,images/685_image_1.jpg
686_image_1.jpg,14.8,
687_image_1.png,16.5,images/687_image_1.png
688_image_1.png,18.33,
689_image_1.jpg,15.5,images/689_image_1.jpg
690_image_1.jpg,15.75,images/690_image_1.jpg
690_image_2.jpg,15.75,images/690_image_2.jpg
691_image_1.jpg,28.0,
691_image_2.jpg,28.0,
693_image_1.jpg,16.62,
693_image_2.jpg,16.62,
693_image_3.jpg,16.62,
694_image_1.png,13.0,
695_image_1.jpg,14.67,
695_image_2.jpg,14.67,
695_image_3.jpg,14.67,
696_image_1.jpg,17.67,images/696_image_1.jpg
697_image_1.jpg,14.0,images/697_image_1.jpg
697_image_2.jpg,14.0,images/697_image_2.jpg
697_image_3.jpg,14.0,images/697_image_3.jpg
698_image_1.jpg,21.2,images/698_image_1.jpg
698_image_2.jpg,21.2,
698_image_3.jpg,21.2,
698_image_4.jpg,21.2,
699_image_1.jpg,12.0,images/699_image_1.jpg
700_image_1.jpg,15.5,images/700_image_1.jpg
700_image_2.jpg,15.5,images/700_image_2.jpg
700_image_3.jpg,15.5,
701_image_1.jpg,12.0,
701_image_2.jpg,12.0,
701_image_3.jpg,12.0,
701_image_4.jpg,12.0,
702_image_1.jpg,12.0,images/702_image_1.jpg
702_image_2.jpg,12.0,images/702_image_2.jpg
703_image_1.jpg,11.0,images/703_image_1.jpg
703_image_2.jpg,11.0,images/703_image_2.jpg
703_image_3.jpg,11.0,
703_image_4.jpg,11.0,
704_image_1.jpg,12.25,images/704_image_1.jpg
704_image_2.jpg,12.25,
705_image_1.jpg,12.0,images/705_image_1.jpg
706_image_1.jpg,12.2,images/706_image_1.jpg
707_image_1.jpg,12.0,images/707_image_1.jpg
707_image_2.jpg,12.0,images/707_image_2.jpg
707_image_3.jpg,12.0,
707_image_4.jpg,12.0,
708_image_1.jpg,20.5,images/708_image_1.jpg
708_image_2.jpg,20.5,
709_image_1.jpg,17.5,images/709_image_1.jpg
710_image_1.jpg,11.0,images/710_image_1.jpg
710_image_2.jpg,11.0,
710_image_3.jpg,11.0,
711_image_1.jpg,15.0,images/711_image_1.jpg
712_image_1.jpg,11.33,images/712_image_1.jpg
712_image_2.jpg,11.33,images/712_image_2.jpg
712_image_3.jpg,11.33,
713_image_1.jpg,11.5,images/713_image_1.jpg
713_image_2.jpg,11.5,images/713_image_2.jpg
714_image_1.jpg,14.0,images/714_image_1.jpg
714_image_2.jpg,14.0,images/714_image_2.jpg
714_image_3.jpg,14.0,images/714_image_3.jpg
715_image_1.jpg,7.0,
715_image_2.jpg,7.0,
715_image_3.jpg,7.0,
715_image_4.jpg,7.0,
716_image_1.png,10.5,
716_image_2.png,10.5,
717_image_1.jpg,12.0,
718_image_1.jpg,23.0,images/718_image_1.jpg
719_image_1.jpg,9.67,images/719_image_1.jpg
720_image_1.jpg,16.0,images/720_image_1.jpg
721_image_1.jpg,18.33,
721_image_2.jpg,18.33,images/721_image_2.jpg
721_image_3.jpg,18.33,
721_image_4.jpg,18.33,images/721_image_4.jpg
722_image_1.jpg,10.0,images/722_image_1.jpg
722_image_2.jpg,10.0,images/722_image_2.jpg
722_image_3.jpg,10.0,
722_image_4.jpg,10.0,
723_image_1.jpg,14.2,images/723_image_1.jpg
723_image_2.jpg,14.2,
724_image_1.jpg,11.33,images/724_image_1.jpg
725_image_1.jpg,11.0,
726_image_1.jpg,18.0,images/726_image_1.jpg
726_image_2.jpg,18.0,
726_image_3.jpg,18.0,
727_image_1.jpg,14.67,images/727_image_1.jpg
728_image_1.jpg,15.0,images/728_image_1.jpg
728_image_2.jpg,15.0,
729_image_1.jpg,18.0,
730_image_1.jpg,16.0,images/730_image_1.jpg
730_image_2.jpg,16.0,images/730_image_2.jpg
730_image_3.jpg,16.0,images/730_image_3.jpg
731_image_1.jpg,15.5,images/731_image_1.jpg
731_image_2.jpg,15.5,
731_image_3.jpg,15.5,
731_image_4.jpg,15.5,
732_image_1.jpg,20.0,
733_image_1.jpg,15.6,images/733_image_1.jpg
733_image_2.jpg,15.6,
733_image_3.jpg,15.6,
733_image_4.jpg,15.6,
734_image_1.jpg,14.5,images/734_image_1.jpg
735_image_1.jpg,9.75,images/735_image_1.jpg
736_image_1.jpg,16.7,images/736_image_1.jpg
737_image_1.jpg,20.4,images/737_image_1.jpg
738_image_1.jpg,12.62,images/738_image_1.jpg
738_image_2.jpg,12.62,images/738_image_2.jpg
739_image_1.jpg,12.0,images/739_image_1.jpg
739_image_2.jpg,12.0,
739_image_3.jpg,12.0,
739_image_4.jpg,12.0,
740_image_1.jpg,17.2,images/740_image_1.jpg
741_image_1.jpg,12.0,images/741_image_1.jpg
741_image_2.jpg,12.0,images/741_image_2.jpg
741_image_3.jpg,12.0,images/741_image_3.jpg
741_image_4.jpg,12.0,
742_image_1.jpg,8.75,images/742_image_1.jpg
742_image_2.jpg,8.75,
742_image_3.jpg,8.75,images/742_image_3.jpg
743_image_1.jpg,10.2,images/743_image_1.jpg
743_image_2.jpg,10.2,images/743_image_2.jpg
743_image_3.jpg,10.2,
744_image_1.jpg,9.38,images/744_image_1.jpg
744_image_2.jpg,9.38,
745_image_1.jpg,12.6,
746_image_1.jpg,9.5,images/746_image_1.jpg
747_image_1.jpg,15.67,images/747_image_1.jpg
747_image_2.jpg,15.67,images/747_image_2.jpg
747_image_3.jpg,15.67,images/747_image_3.jpg
747_image_4.jpg,15.67,images/747_image_4.jpg
748_image_1.jpg,10.8,
748_image_2.jpg,10.8,images/748_image_2.jpg
748_image_3.jpg,10.8,images/748_image_3.jpg
748_image_4.jpg,10.8,images/748_image_4.jpg
749_image_1.jpg,19.5,
749_image_2.jpg,19.5,images/749_image_2.jpg
749_image_3.jpg,19.5,images/749_image_3.jpg
749_image_4.jpg,19.5,images/749_image_4.jpg
750_image_1.jpg,14.2,images/750_image_1.jpg
750_image_2.jpg,14.2,images/750_image_2.jpg
750_image_3.jpg,14.2,
750_image_4.jpg,14.2,
751_image_1.jpg,18.0,images/751_image_1.jpg
751_image_2.jpg,18.0,images/751_image_2.jpg
752_image_1.jpg,15.67,
752_image_2.jpg,15.67,
752_image_3.jpg,15.67,
753_image_1.jpg,9.0,images/753_image_1.jpg
754_image_1.jpg,13.67,images/754_image_1.jpg
754_image_2.jpg,13.67,
755_image_1.jpg,25.0,images/755_image_1.jpg
756_image_1.jpg,16.0,images/756_image_1.jpg
757_image_1.jpg,13.75,images/757_image_1.jpg
758_image_1.jpg,15.43,images/758_image_1.jpg
759_image_1.jpg,13.0,images/759_image_1.jpg
759_image_2.jpg,13.0,
760_image_1.jpg,15.67,
761_image_1.jpg,15.5,
761_image_2.jpg,15.5,
761_image_3.jpg,15.5,
762_image_1.jpg,16.33,images/762_image_1.jpg
763_image_1.jpg,11.75,
763_image_2.jpg,11.75,images/763_image_2.jpg
764_image_1.jpg,14.17,images/764_image_1.jpg
764_image_2.jpg,14.17,images/764_image_2.jpg
764_image_3.jpg,14.17,images/764_image_3.jpg
764_image_4.jpg,14.17,
765_image_1.jpg,20.0,
765_image_2.jpg,20.0,
765_image_3.jpg,20.0,
766_image_1.jpg,18.0,images/766_image_1.jpg
767_image_1.jpg,12.0,images/767_image_1.jpg
768_image_1.jpg,10.0,
768_image_2.jpg,10.0,
768_image_3.jpg,10.0,
768_image_4.jpg,10.0,
769_image_1.png,11.67,
769_image_2.png,11.67,
769_image_3.png,11.67,
770_image_1.jpg,15.0,
770_image_2.jpg,15.0,
771_image_1.jpg,12.5,images/771_image_1.jpg
772_image_1.jpg,13.33,images/772_image_1.jpg
772_image_2.jpg,13.33,images/772_image_2.jpg
772_image_3.jpg,13.33,images/772_image_3.jpg
772_image_4.jpg,13.33,images/772_image_4.jpg
773_image_1.jpg,25.0,
773_image_2.jpg,25.0,
773_image_3.jpg,25.0,
773_image_4.jpg,25.0,
774_image_1.jpg,15.29,images/774_image_1.jpg
775_image_1.jpg,12.5,images/775_image_1.jpg
776_image_1.jpg,21.8,
776_image_2.jpg,21.8,
776_image_3.jpg,21.8,
777_image_1.png,16.0,
778_image_1.jpg,16.67,images/778_image_1.jpg
779_image_1.jpg,19.0,
779_image_2.jpg,19.0,
780_image_1.jpg,19.0,
782_image_1.jpg,16.0,
782_image_2.jpg,16.0,
782_image_3.jpg,16.0,
782_image_4.jpg,16.0,
783_image_1.png,18.75,
783_image_2.png,18.75,
783_image_3.png,18.75,
783_image_4.png,18.75,
784_image_1.jpg,10.5,images/784_image_1.jpg
785_image_1.jpg,27.0,images/785_image_1.jpg
785_image_2.jpg,27.0,images/785_image_2.jpg
785_image_3.jpg,27.0,
785_image_4.jpg,27.0,
786_image_1.jpg,32.6,images/786_image_1.jpg
786_image_2.jpg,32.6,
787_image_1.jpg,10.0,images/787_image_1.jpg
788_image_1.jpg,14.0,images/788_image_1.jpg
788_image_2.jpg,14.0,images/788_image_2.jpg
789_image_1.jpg,14.0,images/789_image_1.jpg
789_image_2.jpg,14.0,
790_image_1.jpg,14.0,images/790_image_1.jpg
791_image_1.jpg,12.6,images/791_image_1.jpg
791_image_2.jpg,12.6,
792_image_1.jpg,18.0,images/792_image_1.jpg
792_image_2.jpg,18.0,images/792_image_2.jpg
792_image_3.jpg,18.0,images/792_image_3.jpg
792_image_4.jpg,18.0,images/792_image_4.jpg
793_image_1.jpg,18.0,images/793_image_1.jpg
793_image_2.jpg,18.0,
793_image_3.jpg,18.0,
793_image_4.jpg,18.0,
794_image_1.jpg,16.0,
795_image_1.png,6.67,
796_image_1.jpg,10.0,images/796_image_1.jpg
797_image_1.jpg,14.0,images/797_image_1.jpg
798_image_1.jpg,16.67,images/798_image_1.jpg
799_image_1.jpg,15.0,images/799_image_1.jpg
800_image_1.jpg,12.0,
801_image_1.jpg,12.0,
802_image_1.jpg,10.5,
803_image_1.jpg,15.0,images/803_image_1.jpg
804_image_1.jpg,12.0,
805_image_1.jpeg,13.5,
