,filename,target
277,135_image_2.jpg,2.0
1226,625_image_1.jpg,13.5
1452,731_image_4.jpg,12.0
1519,762_image_1.jpg,13.33
236,114_image_4.jpg,10.0
1170,594_image_3.jpg,18.0
1318,664_image_1.png,9.5
1521,762_image_3.jpg,13.33
486,239_image_1.jpg,22.0
1142,582_image_4.jpg,18.5
208,97_image_1.jpg,12.0
428,211_image_2.jpg,13.67
1348,684_image_1.png,13.0
462,225_image_4.jpg,20.29
58,28_image_1.jpg,9.0
367,183_image_2.jpg,11.5
576,278_image_1.jpg,9.0
482,237_image_1.jpg,11.5
1447,729_image_4.jpg,12.0
1252,638_image_1.jpeg,13.5
792,384_image_1.jpg,15.0
1273,648_image_1.jpg,14.75
950,490_image_3.jpg,8.5
916,475_image_1.jpg,14.25
292,145_image_2.jpg,11.25
1419,716_image_1.jpg,18.0
1214,618_image_1.jpeg,14.6
905,469_image_3.jpg,12.67
774,374_image_1.png,11.0
233,114_image_1.jpg,10.0
1094,559_image_1.jpg,19.33
196,90_image_1.jpg,12.0
1280,651_image_2.jpg,12.86
1325,667_image_2.jpg,10.0
81,39_image_3.jpg,13.14
1477,740_image_3.jpg,14.2
420,206_image_4.png,15.75
1216,619_image_2.jpg,9.0
111,52_image_1.jpg,11.33
1343,681_image_1.jpg,28.0
865,446_image_1.jpg,8.0
1333,673_image_2.jpg,18.38
1018,521_image_1.jpeg,10.5
1331,672_image_1.jpg,13.33
798,390_image_1.jpg,17.0
1418,715_image_1.jpg,11.0
310,155_image_1.jpg,10.29
1210,616_image_2.jpg,15.0
936,485_image_1.jpg,14.0
589,285_image_1.jpg,15.67
759,366_image_2.jpg,14.17
1169,594_image_2.jpg,18.0
1335,674_image_1.jpg,13.67
413,203_image_3.jpg,11.0
1567,783_image_4.jpg,18.0
1078,548_image_1.jpg,18.0
1389,702_image_1.jpg,11.33
767,370_image_1.jpg,21.67
1514,759_image_2.png,11.67
1336,675_image_1.jpg,15.0
597,289_image_2.jpg,18.6
692,335_image_2.jpg,14.0
1464,737_image_2.jpg,15.67
788,382_image_2.jpg,13.6
1107,566_image_1.jpg,13.0
1527,764_image_1.jpg,15.29
327,163_image_2.jpg,16.33
254,124_image_1.jpg,12.0
322,160_image_1.jpg,9.0
1200,611_image_2.jpg,13.14
810,393_image_3.jpg,11.33
614,294_image_4.jpg,25.0
1296,657_image_1.jpg,14.5
918,476_image_1.jpeg,10.5
939,487_image_1.jpg,7.75
1340,679_image_1.jpg,15.5
660,321_image_1.jpg,11.67
86,41_image_2.jpg,15.5
1110,567_image_1.jpg,14.33
1495,751_image_2.jpg,15.5
365,182_image_3.png,10.0
265,130_image_4.jpg,20.5
287,141_image_2.jpg,11.0
1563,782_image_4.jpg,18.0
358,179_image_1.jpg,9.0
1431,721_image_3.jpg,15.5
1188,604_image_1.jpeg,11.0
1473,739_image_3.jpg,19.5
583,282_image_3.jpg,11.0
493,240_image_4.jpg,18.8
811,393_image_4.jpg,11.33
221,107_image_2.jpg,7.0
113,52_image_3.jpg,11.33
1270,646_image_2.jpg,11.5
1375,694_image_2.jpg,12.25
174,77_image_3.jpg,13.33
490,240_image_1.jpg,18.8
1307,661_image_1.jpg,19.0
429,211_image_3.jpg,13.67
1237,629_image_1.jpeg,17.5
18,9_image_1.jpg,11.83
1285,652_image_3.jpg,35.86
285,140_image_1.jpg,14.0
967,497_image_1.jpg,18.4
1546,775_image_1.jpg,27.0
1258,642_image_1.jpg,28.0
31,16_image_1.jpg,11.67
1353,687_image_1.jpg,14.0
210,99_image_1.jpg,13.0
599,290_image_2.jpg,14.5
214,102_image_2.jpg,17.33
548,266_image_1.jpg,12.6
900,468_image_1.jpg,19.33
999,510_image_2.jpg,15.75
326,163_image_1.jpg,16.33
1388,701_image_1.jpg,15.0
1516,760_image_1.jpg,15.0
188,84_image_3.jpg,14.0
1383,698_image_2.jpg,20.5
341,171_image_2.jpg,11.5
598,290_image_1.jpg,14.5
147,67_image_3.jpg,9.64
1118,571_image_2.jpg,9.0
1006,516_image_2.png,16.8
83,40_image_1.png,13.0
1364,691_image_1.jpg,12.0
48,24_image_3.jpg,11.0
1173,597_image_1.jpeg,15.5
155,70_image_2.jpg,21.44
478,235_image_2.jpg,9.33
1225,624_image_2.jpg,12.0
879,454_image_2.jpg,11.5
1106,565_image_4.jpg,10.5
898,467_image_1.jpg,19.8
1293,656_image_1.jpg,12.4
1560,782_image_1.jpg,18.0
567,274_image_1.jpg,15.0
179,78_image_4.jpg,16.67
1253,639_image_1.jpeg,12.0
701,339_image_1.jpg,16.0
1311,662_image_1.jpg,17.5
497,241_image_4.jpg,12.33
1231,626_image_2.jpg,9.5
923,480_image_1.jpg,17.0
363,182_image_1.png,10.0
674,327_image_3.jpg,8.25
426,210_image_2.png,10.25
1570,786_image_1.jpg,10.0
1261,642_image_4.jpg,28.0
346,173_image_1.jpeg,8.33
1093,558_image_1.jpg,13.67
1470,738_image_4.jpg,10.8
566,273_image_3.jpg,11.0
1240,631_image_2.jpg,16.0
1360,689_image_1.jpg,12.0
649,313_image_1.jpg,15.78
626,302_image_1.jpg,12.4
777,377_image_1.jpg,11.78
243,117_image_2.jpg,14.5
1007,516_image_3.png,16.8
590,285_image_2.jpg,15.67
679,328_image_4.jpg,11.2
1351,685_image_3.jpg,14.67
1181,601_image_3.jpg,18.0
495,241_image_2.jpg,12.33
435,213_image_2.jpg,21.0
1494,751_image_1.jpg,15.5
1523,763_image_1.jpg,25.0
308,154_image_2.jpg,17.75
1341,680_image_1.jpg,15.75
430,211_image_4.jpg,13.67
982,502_image_1.jpg,9.5
398,198_image_1.jpg,14.0
423,208_image_1.png,12.33
370,186_image_1.jpg,9.0
54,26_image_3.jpg,13.0
845,426_image_1.jpeg,11.0
613,294_image_3.jpg,25.0
1308,661_image_2.jpg,19.0
312,156_image_1.jpg,12.5
1138,581_image_2.jpg,13.0
181,80_image_1.jpg,16.0
932,482_image_3.jpg,16.67
109,51_image_3.jpg,10.5
526,255_image_1.jpg,15.0
1124,574_image_1.jpg,8.0
100,49_image_2.jpg,19.75
984,502_image_3.jpg,9.5
1161,591_image_1.jpg,12.5
1448,730_image_1.jpg,17.2
266,131_image_1.jpg,6.0
1547,775_image_2.jpg,27.0
296,147_image_1.jpg,11.0
694,336_image_1.jpg,15.6
461,225_image_3.jpg,20.29
1040,529_image_1.jpg,15.33
1247,634_image_2.jpg,14.5
377,192_image_1.jpg,17.67
806,392_image_3.jpg,12.0
126,57_image_2.jpg,13.5
803,391_image_4.jpg,26.67
1222,623_image_1.jpg,19.0
355,176_image_1.jpg,15.67
1283,652_image_1.jpg,35.86
209,98_image_1.jpg,12.0
140,63_image_2.jpg,14.33
1134,579_image_1.jpg,14.0
1054,537_image_1.jpg,17.0
714,343_image_1.png,14.38
1304,660_image_1.jpg,11.0
756,364_image_1.jpeg,21.6
575,277_image_1.jpg,10.5
990,505_image_2.jpg,10.0
849,430_image_1.jpg,14.0
10,4_image_3.jpg,17.8
1408,711_image_2.jpg,18.33
282,137_image_3.jpg,15.0
291,145_image_1.jpg,11.25
607,292_image_2.jpg,9.56
552,267_image_4.jpg,18.67
129,58_image_1.jpg,12.0
323,161_image_1.jpg,14.0
1279,651_image_1.jpg,12.86
808,393_image_1.jpg,11.33
619,299_image_1.jpg,10.2
1504,755_image_1.jpg,20.0
561,271_image_1.jpg,7.67
724,347_image_3.jpg,9.5
1284,652_image_2.jpg,35.86
158,71_image_2.jpg,13.2
1561,782_image_2.jpg,18.0
516,248_image_3.jpg,9.0
1227,625_image_2.jpg,13.5
195,89_image_1.jpg,12.43
1305,660_image_2.jpg,11.0
560,270_image_3.jpg,18.8
410,202_image_1.jpeg,9.0
96,46_image_1.jpg,6.0
1441,727_image_1.jpg,20.4
610,293_image_3.png,10.0
156,70_image_3.jpg,21.44
419,206_image_3.png,15.75
1303,659_image_4.jpg,19.0
477,235_image_1.jpg,9.33
858,439_image_1.jpg,11.64
710,342_image_1.jpg,11.33
1030,526_image_1.jpg,15.0
447,218_image_1.jpg,7.14
680,329_image_1.jpg,16.17
178,78_image_3.jpg,16.67
390,195_image_3.png,20.0
1357,688_image_2.jpg,21.2
705,340_image_1.jpg,13.0
1399,705_image_3.jpg,7.0
793,385_image_1.jpg,12.0
1398,705_image_2.jpg,7.0
1484,743_image_1.jpg,9.0
965,496_image_1.jpg,17.5
1201,611_image_3.jpg,13.14
1262,643_image_1.jpg,11.17
1366,691_image_3.jpg,12.0
720,345_image_1.jpeg,15.5
294,145_image_4.jpg,11.25
596,289_image_1.jpg,18.6
970,497_image_4.jpg,18.4
88,42_image_2.jpg,9.0
41,20_image_2.jpg,13.0
131,59_image_2.jpg,10.0
643,309_image_1.jpg,32.5
634,305_image_1.png,20.0
752,363_image_1.png,14.25
1460,734_image_2.jpg,9.38
832,413_image_1.jpg,15.0
164,72_image_4.jpg,12.86
290,144_image_1.jpg,12.42
1492,749_image_2.jpg,13.0
958,494_image_2.jpg,12.0
348,174_image_2.jpg,10.88
571,275_image_1.jpg,11.5
1233,628_image_1.jpg,17.67
1488,746_image_1.jpg,16.0
817,398_image_1.jpg,12.0
921,478_image_2.jpg,9.5
1041,530_image_1.jpg,10.71
1137,581_image_1.jpg,13.0
458,224_image_2.jpg,15.0
375,190_image_2.jpg,9.75
333,166_image_1.jpg,11.0
839,420_image_1.jpeg,11.0
1391,702_image_3.jpg,11.33
1151,586_image_3.jpg,10.33
781,378_image_4.jpg,22.0
942,487_image_4.jpg,7.75
1462,736_image_1.jpg,9.5
736,352_image_4.jpg,11.0
328,163_image_3.jpg,16.33
678,328_image_3.jpg,11.2
318,158_image_2.jpg,13.0
1213,617_image_1.jpeg,9.0
1156,589_image_1.jpg,11.0
167,74_image_2.jpg,8.86
12,6_image_1.jpeg,11.0
171,76_image_1.jpeg,12.67
260,128_image_1.jpeg,12.25
1037,528_image_2.jpg,9.0
1269,646_image_1.jpg,11.5
1055,537_image_2.jpg,17.0
138,62_image_1.jpeg,9.0
549,267_image_1.jpg,18.67
944,488_image_2.jpg,14.33
943,488_image_1.jpg,14.33
1298,658_image_1.jpg,22.0
558,270_image_1.jpg,18.8
139,63_image_1.jpg,14.33
1377,696_image_1.jpg,12.2
1192,607_image_1.jpeg,14.5
224,109_image_1.jpg,15.0
1529,766_image_1.jpg,21.8
409,201_image_4.jpg,10.1
325,162_image_2.jpg,13.33
299,150_image_1.jpg,18.0
985,502_image_4.jpg,9.5
1415,713_image_1.jpg,14.2
1005,516_image_1.png,16.8
1463,737_image_1.jpg,15.67
193,88_image_1.jpg,12.8
1209,616_image_1.jpg,15.0
573,275_image_3.jpg,11.5
503,245_image_1.jpg,16.67
605,291_image_4.jpg,13.33
844,425_image_1.jpeg,16.0
1409,711_image_3.jpg,18.33
3,0_image_4.jpg,8.0
1288,653_image_3.jpg,17.0
467,227_image_2.jpg,10.0
321,159_image_1.jpg,22.33
5,2_image_1.jpg,14.33
222,107_image_3.jpg,7.0
547,265_image_1.jpg,12.5
829,410_image_1.jpg,14.71
39,19_image_1.jpeg,11.5
542,262_image_1.jpg,11.5
242,117_image_1.jpg,14.5
136,61_image_2.jpg,15.0
1372,693_image_3.jpg,11.0
1387,700_image_3.jpg,11.0
1022,523_image_3.jpg,15.0
744,357_image_2.jpg,8.91
1120,573_image_1.jpg,15.0
1205,614_image_1.jpeg,37.5
1438,724_image_1.jpg,14.5
581,282_image_1.jpg,11.0
1553,778_image_1.jpg,14.0
661,322_image_1.jpg,16.0
873,452_image_3.jpg,17.0
1461,735_image_1.jpg,12.6
376,191_image_1.jpg,10.67
314,156_image_3.jpg,12.5
442,216_image_1.jpg,9.2
319,158_image_3.jpg,13.0
1114,568_image_1.jpg,11.5
1326,668_image_1.jpg,21.8
1190,606_image_1.jpg,12.29
424,209_image_1.jpeg,11.67
553,268_image_1.jpg,17.0
594,287_image_1.jpeg,14.0
1145,583_image_3.jpg,11.0
715,343_image_2.png,14.38
892,464_image_1.jpg,12.5
1281,651_image_3.jpg,12.86
889,461_image_1.jpg,13.62
227,110_image_1.jpg,20.0
785,380_image_2.jpg,16.0
901,468_image_2.jpg,19.33
1049,534_image_2.jpg,17.0
807,392_image_4.jpg,12.0
66,32_image_4.jpg,10.89
393,196_image_2.png,23.0
579,280_image_1.jpeg,14.5
24,12_image_2.jpg,21.5
211,100_image_1.jpg,10.0
1219,621_image_2.jpg,17.5
1073,545_image_3.jpg,16.5
536,259_image_1.jpg,12.17
1163,592_image_1.jpg,11.0
727,349_image_1.jpeg,14.0
85,41_image_1.jpg,15.5
1422,717_image_1.jpg,14.67
272,132_image_3.jpg,10.5
1087,554_image_1.jpg,17.0
1100,562_image_1.jpg,19.0
1423,718_image_1.jpg,15.0
630,304_image_1.jpg,13.82
1544,773_image_4.png,18.75
1472,739_image_2.jpg,19.5
505,245_image_3.jpg,16.67
273,132_image_4.jpg,10.5
802,391_image_3.jpg,26.67
362,181_image_1.jpg,13.0
622,299_image_4.jpg,10.2
2,0_image_3.jpg,8.0
6,3_image_1.jpg,23.33
311,155_image_2.jpg,10.29
1067,543_image_2.jpg,7.0
1317,663_image_4.jpg,11.5
665,323_image_1.jpg,15.0
364,182_image_2.png,10.0
1556,779_image_2.jpg,14.0
215,103_image_1.jpg,13.0
1121,573_image_2.jpg,15.0
27,13_image_1.jpeg,13.25
1133,578_image_1.jpg,11.0
966,496_image_2.jpg,17.5
1444,729_image_1.jpg,12.0
745,358_image_1.jpeg,10.5
638,307_image_2.jpg,10.0
1533,768_image_1.jpg,16.67
718,344_image_2.jpg,16.0
691,335_image_1.jpg,14.0
1221,622_image_2.jpg,15.6
624,300_image_2.jpg,7.5
1052,535_image_3.jpg,11.0
256,125_image_1.jpeg,10.0
25,12_image_3.jpg,21.5
336,167_image_3.png,14.0
572,275_image_2.jpg,11.5
47,24_image_2.jpg,11.0
106,50_image_4.png,23.0
349,174_image_3.jpg,10.88
55,26_image_4.jpg,13.0
899,467_image_2.jpg,19.8
213,102_image_1.jpg,17.33
120,55_image_1.jpg,10.43
1574,790_image_1.jpg,12.0
812,394_image_1.jpg,9.0
72,35_image_1.jpg,9.75
1368,692_image_1.jpg,12.0
864,445_image_1.jpg,10.0
1407,711_image_1.jpg,18.33
45,23_image_1.jpeg,11.0
1329,670_image_1.jpg,17.0
523,252_image_1.jpg,15.0
968,497_image_2.jpg,18.4
907,470_image_2.jpg,13.25
963,495_image_3.jpg,13.0
917,475_image_2.jpg,14.25
533,258_image_2.jpg,23.5
1260,642_image_3.jpg,28.0
603,291_image_2.jpg,13.33
465,226_image_3.jpg,9.62
906,470_image_1.jpg,13.25
1344,681_image_2.jpg,28.0
861,442_image_1.jpg,9.5
1033,526_image_4.jpg,15.0
60,29_image_2.jpg,16.0
986,503_image_1.jpg,24.57
92,44_image_1.jpeg,13.0
666,323_image_2.jpg,15.0
1097,560_image_2.jpg,15.0
194,88_image_2.jpg,12.8
280,137_image_1.jpg,15.0
695,337_image_1.jpg,13.2
359,179_image_2.jpg,9.0
519,250_image_2.jpg,10.0
903,469_image_1.jpg,12.67
1112,567_image_3.jpg,14.33
182,81_image_1.png,17.0
1193,608_image_1.jpg,15.0
1466,737_image_4.jpg,15.67
110,51_image_4.jpg,10.5
924,480_image_2.jpg,17.0
42,21_image_1.jpg,11.0
746,359_image_1.jpg,14.14
1534,769_image_1.jpg,19.0
204,94_image_1.jpeg,14.0
1299,658_image_2.jpg,22.0
52,26_image_1.jpg,13.0
1320,666_image_1.jpg,14.86
545,263_image_2.jpg,11.14
68,33_image_2.jpg,16.67
997,509_image_3.jpg,11.0
1228,625_image_3.jpg,13.5
1395,704_image_2.jpg,14.0
834,415_image_1.jpeg,11.86
183,82_image_1.jpg,9.0
137,61_image_3.jpg,15.0
796,388_image_1.jpg,11.0
132,59_image_3.jpg,10.0
80,39_image_2.jpg,13.14
1276,648_image_4.jpg,14.75
105,50_image_3.jpg,23.0
1223,623_image_2.jpg,19.0
541,261_image_1.jpg,14.0
816,397_image_1.jpg,16.4
480,235_image_4.jpg,9.33
165,73_image_1.png,17.0
248,119_image_1.jpg,9.67
307,154_image_1.jpg,17.75
446,217_image_4.jpg,17.67
1430,721_image_2.jpg,15.5
334,167_image_1.png,14.0
910,472_image_2.jpg,19.0
97,47_image_1.jpg,14.0
842,423_image_1.jpeg,21.0
1557,780_image_1.jpg,14.0
737,353_image_1.jpeg,15.62
1080,550_image_1.png,18.43
1189,605_image_1.jpeg,10.0
421,207_image_1.jpg,8.8
102,49_image_4.jpg,19.75
434,213_image_1.jpg,21.0
74,36_image_2.jpg,16.75
1501,754_image_2.jpg,14.17
976,500_image_1.jpg,14.0
1432,721_image_4.jpg,15.5
302,151_image_1.jpeg,9.5
1361,690_image_1.jpg,15.5
1328,669_image_1.jpg,16.0
1287,653_image_2.jpg,17.0
824,405_image_1.jpg,14.2
762,367_image_1.jpeg,14.5
733,352_image_1.jpg,11.0
388,195_image_1.jpg,20.0
235,114_image_3.jpg,10.0
1310,661_image_4.jpg,19.0
267,131_image_2.jpg,6.0
305,152_image_3.jpg,9.0
874,453_image_1.jpg,14.67
117,53_image_3.jpg,12.0
1487,745_image_1.jpg,25.0
673,327_image_2.jpg,8.25
249,120_image_1.jpg,20.0
1146,584_image_1.jpg,17.2
1575,791_image_1.jpg,12.0
71,34_image_1.jpeg,10.17
94,45_image_2.jpg,12.33
1035,527_image_2.jpg,14.0
33,16_image_3.jpg,11.67
799,390_image_2.jpg,17.0
1313,662_image_3.jpg,17.5
448,219_image_1.jpg,13.0
445,217_image_3.jpg,17.67
771,371_image_1.jpeg,9.33
716,343_image_3.png,14.38
987,503_image_2.jpg,24.57
1202,612_image_1.jpg,20.57
1004,515_image_1.jpeg,20.44
1084,551_image_3.jpg,15.0
77,37_image_3.jpg,12.83
84,40_image_2.png,13.0
930,482_image_1.jpg,16.67
82,39_image_4.jpg,13.14
457,224_image_1.jpg,15.0
1023,523_image_4.jpg,15.0
676,328_image_1.jpg,11.2
1517,760_image_2.jpg,15.0
1128,575_image_3.jpg,15.5
436,213_image_3.jpg,21.0
770,370_image_4.jpg,21.67
869,450_image_1.jpg,16.0
644,309_image_2.jpg,32.5
862,443_image_1.jpg,14.5
915,474_image_1.jpeg,10.5
1010,518_image_2.jpg,15.0
1255,641_image_1.jpg,14.0
1177,600_image_1.png,14.5
404,200_image_3.jpg,12.67
1404,708_image_1.jpg,23.0
1029,525_image_3.jpg,15.25
1403,707_image_1.jpg,12.0
104,50_image_2.png,23.0
609,293_image_2.png,10.0
926,481_image_1.jpg,11.75
688,334_image_2.jpg,16.0
1034,527_image_1.jpg,14.0
826,407_image_1.jpg,11.75
1203,612_image_2.jpg,20.57
1440,726_image_1.jpg,16.7
62,30_image_2.jpg,14.0
281,137_image_2.jpg,15.0
852,433_image_1.jpg,23.0
778,378_image_1.jpg,22.0
1065,542_image_1.jpg,16.0
238,115_image_2.jpg,9.22
223,108_image_1.jpg,19.0
145,67_image_1.jpg,9.64
1471,739_image_1.jpg,19.5
373,189_image_1.jpg,11.67
1292,655_image_1.png,14.73
118,53_image_4.jpg,12.0
1185,602_image_3.jpg,18.33
1182,601_image_4.jpg,18.0
250,121_image_1.jpg,10.0
1520,762_image_2.jpg,13.33
1272,647_image_2.jpg,18.8
994,508_image_1.jpeg,13.67
9,4_image_2.jpg,17.8
449,220_image_1.jpg,9.67
983,502_image_2.jpg,9.5
708,341_image_3.jpg,13.5
255,124_image_2.jpg,12.0
882,456_image_1.jpg,14.25
593,286_image_1.jpeg,10.2
389,195_image_2.jpg,20.0
1242,632_image_2.jpg,11.0
1427,720_image_2.jpg,16.0
557,269_image_1.jpg,11.75
908,471_image_1.jpeg,16.5
1355,687_image_3.jpg,14.0
937,485_image_2.jpg,14.0
460,225_image_2.jpg,20.29
723,347_image_2.jpg,9.5
993,507_image_1.jpeg,8.33
1454,732_image_2.jpg,8.75
144,65_image_1.jpg,13.4
501,243_image_1.jpeg,6.8
922,479_image_1.jpeg,15.0
1468,738_image_2.jpg,10.8
739,354_image_2.jpg,12.25
1457,733_image_2.jpg,10.2
868,449_image_1.jpg,15.0
731,351_image_3.jpg,14.8
539,259_image_4.jpg,12.17
177,78_image_2.jpg,16.67
1522,762_image_4.jpg,13.33
697,337_image_3.jpg,13.2
1467,738_image_1.jpg,10.8
1098,560_image_3.jpg,15.0
1540,772_image_4.jpg,16.0
1001,512_image_1.jpeg,13.0
1572,788_image_1.jpg,16.67
7,3_image_2.jpg,23.33
962,495_image_2.jpg,13.0
667,324_image_1.jpg,17.5
1220,622_image_1.jpg,15.6
357,178_image_1.jpg,10.0
783,379_image_2.jpg,12.25
735,352_image_3.jpg,11.0
329,164_image_1.jpg,17.0
1379,697_image_2.jpg,12.0
952,491_image_1.jpg,17.4
1208,615_image_3.jpg,19.4
1175,599_image_1.png,15.5
258,127_image_1.jpg,9.14
1439,725_image_1.jpg,9.75
1236,628_image_4.jpg,17.67
372,188_image_1.jpg,10.67
1159,589_image_4.jpg,11.0
414,203_image_4.jpg,11.0
142,64_image_1.jpg,14.33
525,254_image_1.png,11.0
1196,610_image_1.jpg,26.5
232,113_image_1.jpeg,14.0
1179,601_image_1.jpg,18.0
1497,752_image_1.jpg,16.33
440,214_image_4.jpg,28.86
531,257_image_1.jpg,12.5
1265,644_image_2.jpg,12.23
226,109_image_3.jpg,15.0
1085,552_image_1.jpg,13.5
228,110_image_2.jpg,20.0
1346,683_image_2.jpg,16.62
1365,691_image_2.jpg,12.0
212,101_image_1.jpg,16.5
885,459_image_1.jpg,16.0
79,39_image_1.jpg,13.14
148,67_image_4.jpg,9.64
814,396_image_1.jpg,20.67
1079,549_image_1.jpg,25.0
1458,733_image_3.jpg,10.2
671,326_image_1.jpg,13.5
1263,643_image_2.jpg,11.17
555,268_image_3.jpg,17.0
1465,737_image_3.jpg,15.67
133,59_image_4.jpg,10.0
1165,592_image_3.jpg,11.0
933,483_image_1.jpg,16.62
1339,678_image_1.png,18.33
823,404_image_1.jpg,13.0
408,201_image_3.jpg,10.1
368,184_image_1.jpg,11.5
507,246_image_1.jpg,13.33
1259,642_image_2.jpg,28.0
504,245_image_2.jpg,16.67
1402,706_image_2.png,10.5
347,174_image_1.jpg,10.88
1566,783_image_3.jpg,18.0
386,194_image_2.jpg,8.0
0,0_image_1.jpg,8.0
1053,536_image_1.jpg,13.75
360,179_image_3.jpg,9.0
894,466_image_1.jpg,12.0
828,409_image_1.jpg,15.6
1489,747_image_1.jpg,13.75
475,233_image_1.jpg,8.5
1347,683_image_3.jpg,16.62
57,27_image_2.png,14.5
637,307_image_1.jpg,10.0
1374,694_image_1.jpg,12.25
1102,564_image_1.jpg,10.5
652,316_image_1.jpg,13.22
172,77_image_1.jpg,13.33
450,220_image_2.jpg,9.67
125,57_image_1.jpg,13.5
38,18_image_3.jpg,9.75
530,256_image_1.jpg,13.0
857,438_image_1.jpg,10.0
713,342_image_4.jpg,11.33
90,42_image_4.jpg,9.0
1526,763_image_4.jpg,25.0
875,453_image_2.jpg,14.67
1063,540_image_1.jpg,7.5
1074,546_image_1.jpg,13.33
1543,773_image_3.png,18.75
499,242_image_2.jpg,18.5
338,168_image_2.jpg,13.5
28,14_image_1.jpg,17.0
1046,532_image_1.jpg,10.0
1434,723_image_1.jpg,15.6
945,489_image_1.jpg,12.0
169,74_image_4.jpg,8.86
912,472_image_4.jpg,19.0
491,240_image_2.jpg,18.8
953,491_image_2.jpg,17.4
1032,526_image_3.jpg,15.0
587,284_image_2.jpg,13.5
750,361_image_2.jpg,10.5
657,319_image_2.jpg,11.0
234,114_image_2.jpg,10.0
732,351_image_4.jpg,14.8
1160,590_image_1.jpg,10.0
1394,704_image_1.jpg,14.0
934,483_image_2.jpg,16.62
108,51_image_2.jpg,10.5
568,274_image_2.jpg,15.0
890,462_image_1.jpg,19.67
947,489_image_3.jpg,12.0
1048,534_image_1.jpg,17.0
1474,739_image_4.jpg,19.5
884,458_image_1.jpg,15.0
1330,671_image_1.jpg,13.33
850,431_image_1.jpg,20.0
734,352_image_2.jpg,11.0
717,344_image_1.jpg,16.0
454,222_image_2.jpg,12.25
264,130_image_3.jpg,20.5
75,37_image_1.jpg,12.83
444,217_image_2.jpg,17.67
395,197_image_2.jpg,16.5
176,78_image_1.jpg,16.67
1042,530_image_2.jpg,10.71
1378,697_image_1.jpg,12.0
1105,565_image_3.jpg,10.5
1088,555_image_1.jpg,17.0
595,288_image_1.jpeg,9.5
61,30_image_1.jpg,14.0
872,452_image_2.jpg,17.0
1178,600_image_2.jpg,14.5
1479,741_image_1.jpg,18.0
278,135_image_3.jpg,2.0
36,18_image_1.jpg,9.75
662,322_image_2.jpg,16.0
1424,718_image_2.jpg,15.0
1140,582_image_2.jpg,18.5
977,500_image_2.jpg,14.0
738,354_image_1.jpg,12.25
191,86_image_1.png,16.5
919,477_image_1.jpeg,12.0
456,223_image_1.jpg,14.75
675,327_image_4.jpg,8.25
760,366_image_3.jpg,14.17
1425,719_image_1.jpg,18.0
728,350_image_1.jpeg,13.2
412,203_image_2.jpg,11.0
825,406_image_1.jpg,13.5
616,296_image_1.jpeg,14.0
114,52_image_4.jpg,11.33
417,206_image_1.png,15.75
1502,754_image_3.jpg,14.17
969,497_image_3.jpg,18.4
604,291_image_3.jpg,13.33
1530,766_image_2.jpg,21.8
89,42_image_3.jpg,9.0
848,429_image_1.jpg,11.5
1204,613_image_1.png,15.33
1507,756_image_1.jpg,18.0
753,363_image_2.png,14.25
498,242_image_1.jpg,18.5
11,5_image_1.png,10.25
396,197_image_3.jpg,16.5
284,139_image_1.jpg,15.0
1066,543_image_1.jpg,7.0
690,334_image_4.png,16.0
1490,748_image_1.jpg,15.43
1476,740_image_2.jpg,14.2
689,334_image_3.jpg,16.0
851,432_image_1.jpg,18.0
159,71_image_3.jpg,13.2
895,466_image_2.jpg,12.0
1251,637_image_1.jpeg,18.0
257,126_image_1.jpeg,35.0
335,167_image_2.png,14.0
1480,741_image_2.jpg,18.0
1039,528_image_4.jpg,9.0
515,248_image_2.jpg,9.0
1015,519_image_3.jpg,14.5
768,370_image_2.jpg,21.67
1384,699_image_1.jpg,17.5
761,366_image_4.jpg,14.17
1289,654_image_1.jpg,13.67
1565,783_image_2.jpg,18.0
521,250_image_4.jpg,10.0
22,11_image_1.jpeg,16.4
356,177_image_1.jpg,15.33
1338,677_image_1.png,16.5
340,171_image_1.jpg,11.5
431,212_image_1.jpg,12.0
473,231_image_1.jpg,21.86
217,105_image_1.jpg,13.25
911,472_image_3.jpg,19.0
1268,645_image_2.jpg,28.33
1011,518_image_3.jpg,15.0
1536,770_image_1.jpg,19.0
93,45_image_1.jpg,12.33
1008,517_image_1.jpeg,13.25
1070,544_image_1.png,14.5
1092,557_image_1.jpg,18.0
696,337_image_2.jpg,13.2
1414,712_image_4.jpg,10.0
996,509_image_2.jpg,11.0
153,69_image_4.jpg,19.5
1099,561_image_1.jpg,16.0
1469,738_image_3.jpg,10.8
1577,793_image_1.jpg,15.0
789,383_image_1.jpg,16.71
580,281_image_1.jpeg,12.4
703,339_image_3.jpg,16.0
1324,667_image_1.jpg,10.0
487,239_image_2.jpg,22.0
559,270_image_2.jpg,18.8
1141,582_image_3.jpg,18.5
1119,572_image_1.jpg,18.0
801,391_image_2.jpg,26.67
512,247_image_3.jpg,11.4
633,304_image_4.jpg,13.82
1167,593_image_2.jpg,13.25
1410,711_image_4.jpg,18.33
1150,586_image_2.jpg,10.33
790,383_image_2.jpg,16.71
116,53_image_2.jpg,12.0
740,355_image_1.jpeg,11.0
1081,550_image_2.jpg,18.43
830,411_image_1.jpg,12.0
119,54_image_1.jpg,14.5
656,319_image_1.jpg,11.0
1542,773_image_2.png,18.75
635,306_image_1.jpg,20.67
369,185_image_1.jpg,15.8
268,131_image_3.jpg,6.0
655,318_image_1.png,20.5
935,484_image_1.jpeg,21.33
822,403_image_1.jpg,18.2
866,447_image_1.jpg,14.0
46,24_image_1.jpg,11.0
1358,688_image_3.jpg,21.2
991,505_image_3.jpg,10.0
876,453_image_3.jpg,14.67
773,373_image_1.jpg,17.0
1579,795_image_1.jpeg,13.5
4,1_image_1.jpg,9.8
1003,514_image_1.jpeg,13.0
1518,761_image_1.jpg,12.5
263,130_image_2.jpg,20.5
1245,633_image_1.jpeg,10.0
1442,728_image_1.jpg,12.62
443,217_image_1.jpg,17.67
1002,513_image_1.png,12.0
1077,547_image_2.jpg,15.0
837,418_image_1.jpeg,13.11
1412,712_image_2.jpg,10.0
304,152_image_2.jpg,9.0
1235,628_image_3.jpg,17.67
313,156_image_2.jpg,12.5
149,68_image_1.jpeg,8.0
1148,585_image_2.jpg,14.0
574,276_image_1.png,13.0
50,25_image_1.jpg,12.43
1232,627_image_1.jpeg,17.75
726,348_image_1.jpeg,13.67
833,414_image_1.jpg,13.0
1115,569_image_1.jpg,9.33
1166,593_image_1.jpg,13.25
470,228_image_2.jpg,12.14
971,498_image_1.jpg,13.2
653,316_image_2.jpg,13.22
399,198_image_2.jpg,14.0
511,247_image_2.jpg,11.4
320,158_image_4.jpg,13.0
19,9_image_2.jpg,11.83
684,331_image_4.jpg,18.0
35,17_image_1.jpg,12.5
902,468_image_3.jpg,19.33
827,408_image_1.jpg,24.25
1417,714_image_1.jpg,11.33
407,201_image_2.jpg,10.1
920,478_image_1.jpg,9.5
537,259_image_2.jpg,12.17
758,366_image_1.jpg,14.17
1062,539_image_3.jpg,11.33
1199,611_image_1.jpg,13.14
245,118_image_2.jpg,6.29
1127,575_image_2.jpg,15.5
784,380_image_1.jpg,16.0
489,239_image_4.jpg,22.0
154,70_image_1.jpg,21.44
961,495_image_1.jpg,13.0
853,434_image_1.jpg,17.8
625,301_image_1.jpeg,14.0
685,332_image_1.jpg,18.0
569,274_image_3.jpg,15.0
1500,754_image_1.jpg,14.17
17,8_image_1.jpg,11.5
127,57_image_3.jpg,13.5
1552,777_image_1.jpg,10.0
927,481_image_2.jpg,11.75
980,501_image_2.png,13.0
1548,775_image_3.jpg,27.0
190,85_image_1.jpg,16.7
1139,582_image_1.jpg,18.5
992,506_image_1.jpeg,14.0
1541,773_image_1.png,18.75
1316,663_image_3.jpg,11.5
606,292_image_1.jpg,9.56
180,79_image_1.jpg,14.5
301,150_image_3.jpg,18.0
496,241_image_3.jpg,12.33
1359,688_image_4.jpg,21.2
1562,782_image_3.jpg,18.0
1301,659_image_2.jpg,19.0
517,249_image_1.jpg,9.67
1069,543_image_4.jpg,7.0
476,234_image_1.jpg,10.67
157,71_image_1.jpg,13.2
1243,632_image_3.jpg,11.0
1195,609_image_1.png,13.0
16,7_image_4.jpg,10.25
1072,545_image_2.jpg,16.5
1555,779_image_1.jpg,14.0
546,264_image_1.jpg,12.25
658,319_image_3.jpg,11.0
1290,654_image_2.jpg,13.67
1019,522_image_1.jpg,14.83
1322,666_image_3.jpg,14.86
959,494_image_3.jpg,12.0
1568,784_image_1.jpg,16.0
283,138_image_1.jpg,18.5
797,389_image_1.jpg,13.75
225,109_image_2.jpg,15.0
26,12_image_4.jpg,21.5
437,214_image_1.jpg,28.86
1535,769_image_2.jpg,19.0
229,111_image_1.jpeg,10.0
37,18_image_2.jpg,9.75
749,361_image_1.jpg,10.5
1045,531_image_3.jpg,20.5
469,228_image_1.jpg,12.14
1345,683_image_1.jpg,16.62
1551,776_image_2.jpg,32.6
687,334_image_1.jpg,16.0
1510,758_image_2.jpg,10.0
639,307_image_3.jpg,10.0
1362,690_image_2.jpg,15.5
1218,621_image_1.jpg,17.5
1158,589_image_3.jpg,11.0
1315,663_image_2.jpg,11.5
1436,723_image_3.jpg,15.6
800,391_image_1.jpg,26.67
160,71_image_4.jpg,13.2
956,493_image_2.jpg,11.4
1186,602_image_4.jpg,18.33
821,402_image_1.jpg,13.2
1550,776_image_1.jpg,32.6
877,453_image_4.jpg,14.67
913,473_image_1.png,13.5
152,69_image_3.jpg,19.5
1446,729_image_3.jpg,12.0
509,246_image_3.jpg,13.33
1135,579_image_2.jpg,14.0
1250,636_image_1.jpeg,27.14
1323,666_image_4.jpg,14.86
103,50_image_1.jpg,23.0
586,284_image_1.jpg,13.5
1397,705_image_1.jpg,7.0
1143,583_image_1.jpg,11.0
53,26_image_2.jpg,13.0
151,69_image_2.jpg,19.5
403,200_image_2.jpg,12.67
1531,766_image_3.jpg,21.8
207,96_image_1.jpeg,17.0
1491,749_image_1.jpg,13.0
1122,573_image_3.jpg,15.0
1386,700_image_2.jpg,11.0
8,4_image_1.jpg,17.8
1014,519_image_2.jpg,14.5
1416,713_image_2.jpg,14.2
1060,539_image_1.jpg,11.33
452,221_image_2.jpg,16.0
253,123_image_1.jpeg,7.75
896,466_image_3.jpg,12.0
1376,695_image_1.jpg,12.0
880,454_image_3.jpg,11.5
1486,744_image_2.jpg,13.67
623,300_image_1.jpg,7.5
345,172_image_4.jpg,11.91
1405,709_image_1.jpg,9.67
262,130_image_1.jpg,20.5
1321,666_image_2.jpg,14.86
150,69_image_1.jpg,19.5
472,230_image_1.jpg,13.0
640,307_image_4.jpg,10.0
1564,783_image_1.jpg,18.0
1483,742_image_3.jpg,15.67
550,267_image_2.jpg,18.67
928,481_image_3.jpg,11.75
488,239_image_3.jpg,22.0
1429,721_image_1.jpg,15.5
1171,595_image_1.jpg,17.0
146,67_image_2.jpg,9.64
402,200_image_1.jpg,12.67
954,492_image_1.jpeg,19.6
1511,758_image_3.jpg,10.0
659,320_image_1.jpg,14.93
463,226_image_1.jpg,9.62
1349,685_image_1.jpg,14.67
186,84_image_1.jpg,14.0
1147,585_image_1.jpg,14.0
1224,624_image_1.jpg,12.0
608,293_image_1.png,10.0
143,64_image_2.jpg,14.33
751,362_image_1.jpeg,12.0
981,501_image_3.png,13.0
197,91_image_1.jpg,9.0
883,457_image_1.jpg,7.75
279,136_image_1.jpg,13.67
293,145_image_3.jpg,11.25
1558,781_image_1.jpg,12.6
400,199_image_1.jpg,12.0
122,56_image_2.jpg,29.25
1207,615_image_2.jpg,19.4
202,93_image_1.jpg,14.33
835,416_image_1.png,12.4
246,118_image_3.jpg,6.29
1496,751_image_3.jpg,15.5
1481,742_image_1.jpg,15.67
1153,587_image_1.jpg,10.67
384,193_image_4.jpg,15.0
1513,759_image_1.png,11.67
854,435_image_1.jpg,14.0
219,106_image_1.jpg,13.5
641,308_image_1.jpg,9.0
1,0_image_2.jpg,8.0
112,52_image_2.jpg,11.33
698,337_image_4.jpg,13.2
1505,755_image_2.jpg,20.0
951,490_image_4.jpg,8.5
1385,700_image_1.jpg,11.0
1291,654_image_3.jpg,13.67
1426,720_image_1.jpg,16.0
441,215_image_1.jpg,12.5
1136,580_image_1.jpg,13.67
1256,641_image_2.jpg,14.0
663,322_image_3.jpg,16.0
1445,729_image_2.jpg,12.0
1257,641_image_3.jpg,14.0
1401,706_image_1.png,10.5
317,158_image_1.jpg,13.0
648,312_image_1.jpg,14.0
709,341_image_4.jpg,13.5
1382,698_image_1.jpg,20.5
1282,651_image_4.jpg,12.86
972,498_image_2.jpg,13.2
627,302_image_2.jpg,12.4
632,304_image_3.jpg,13.82
1306,660_image_3.jpg,11.0
1400,705_image_4.jpg,7.0
1248,635_image_1.jpg,10.67
1539,772_image_3.jpg,16.0
1254,640_image_1.png,14.5
1371,693_image_2.jpg,11.0
1354,687_image_2.jpg,14.0
1559,781_image_2.jpg,12.6
1456,733_image_1.jpg,10.2
795,387_image_1.jpg,22.5
645,310_image_1.jpg,14.25
1012,518_image_4.jpg,15.0
556,268_image_4.jpg,17.0
681,331_image_1.jpg,18.0
577,278_image_2.jpg,9.0
1109,566_image_3.jpg,13.0
1266,644_image_3.jpg,12.23
1183,602_image_1.jpg,18.33
524,253_image_1.jpg,12.0
1059,538_image_3.jpg,13.0
540,260_image_1.jpg,8.0
1194,608_image_2.jpg,15.0
748,360_image_1.jpeg,13.33
1578,794_image_1.jpg,12.0
484,238_image_1.jpg,14.25
95,45_image_3.jpg,12.33
1020,523_image_1.jpg,15.0
563,272_image_1.jpg,13.0
1264,644_image_1.png,12.23
742,356_image_2.jpg,16.33
863,444_image_1.jpg,10.0
891,463_image_1.jpg,12.0
1038,528_image_3.jpg,9.0
206,95_image_2.jpg,13.6
392,196_image_1.png,23.0
794,386_image_1.png,25.0
870,451_image_1.jpg,17.5
397,197_image_4.jpg,16.5
766,369_image_1.jpeg,14.4
1449,731_image_1.jpg,12.0
1241,632_image_1.jpg,11.0
1028,525_image_2.jpg,15.25
642,308_image_2.jpg,9.0
612,294_image_2.jpg,25.0
960,494_image_4.jpg,12.0
725,347_image_4.jpg,9.5
683,331_image_3.jpg,18.0
98,48_image_1.jpeg,8.6
804,392_image_1.jpg,12.0
406,201_image_1.jpg,10.1
502,244_image_1.jpeg,21.0
1071,545_image_1.jpg,16.5
1056,537_image_3.jpg,17.0
929,481_image_4.jpg,11.75
779,378_image_2.jpg,22.0
200,92_image_3.jpg,9.0
134,60_image_1.jpg,17.8
1051,535_image_2.jpg,11.0
40,20_image_1.jpg,13.0
1017,520_image_1.jpeg,14.33
230,112_image_1.jpg,15.2
378,192_image_2.jpg,17.67
288,142_image_1.png,13.5
418,206_image_2.png,15.75
391,195_image_4.jpg,20.0
592,285_image_4.jpg,15.67
1162,591_image_2.jpg,12.5
1086,553_image_1.png,14.0
647,311_image_1.jpg,15.0
1152,586_image_4.jpg,10.33
1367,691_image_4.jpg,12.0
520,250_image_3.jpg,10.0
64,32_image_2.jpg,10.89
14,7_image_2.jpg,10.25
1180,601_image_2.jpg,18.0
1064,541_image_1.jpg,11.2
492,240_image_3.jpg,18.8
379,192_image_3.jpg,17.67
187,84_image_2.jpg,14.0
763,368_image_1.jpg,15.0
216,104_image_1.jpg,13.67
791,383_image_3.jpg,16.71
1076,547_image_1.jpg,15.0
878,454_image_1.jpg,11.5
337,168_image_1.jpg,13.5
719,344_image_3.jpg,16.0
295,146_image_1.jpg,9.33
1016,519_image_4.jpg,14.5
1275,648_image_3.jpg,14.75
1485,744_image_1.jpg,13.67
455,222_image_3.jpg,12.25
1576,792_image_1.jpg,10.5
815,396_image_2.jpg,20.67
269,131_image_4.jpg,6.0
995,509_image_1.jpg,11.0
201,92_image_4.jpg,9.0
161,72_image_1.jpg,12.86
729,351_image_1.jpg,14.8
401,199_image_2.jpg,12.0
702,339_image_2.jpg,16.0
1129,575_image_4.jpg,15.5
565,273_image_2.jpg,11.0
1413,712_image_3.jpg,10.0
1021,523_image_2.jpg,15.0
1025,524_image_2.jpg,9.0
1411,712_image_1.jpg,10.0
1104,565_image_2.jpg,10.5
205,95_image_1.jpg,13.6
34,16_image_4.jpg,11.67
775,375_image_1.jpg,11.0
508,246_image_2.jpg,13.33
1451,731_image_3.jpg,12.0
1478,740_image_4.jpg,14.2
1554,778_image_2.jpg,14.0
1390,702_image_2.jpg,11.33
91,43_image_1.jpg,15.0
1363,690_image_3.jpg,15.5
897,466_image_4.jpg,12.0
564,273_image_1.jpg,11.0
1369,692_image_2.jpg,12.0
776,376_image_1.jpg,20.0
241,116_image_1.jpeg,15.2
13,7_image_1.jpg,10.25
315,156_image_4.jpg,12.5
600,290_image_3.jpg,14.5
387,194_image_3.jpg,8.0
1297,657_image_2.jpg,14.5
166,74_image_1.jpg,8.86
840,421_image_1.jpeg,17.33
20,10_image_1.jpg,13.33
646,310_image_2.jpg,14.25
1508,757_image_1.jpg,12.0
1154,587_image_2.jpg,10.67
1528,765_image_1.jpg,12.5
831,412_image_1.jpg,19.0
1267,645_image_1.jpg,28.33
562,271_image_2.jpg,7.67
1538,772_image_2.jpg,16.0
686,333_image_1.jpg,15.0
957,494_image_1.jpg,12.0
189,84_image_4.jpg,14.0
975,499_image_1.jpeg,15.0
699,338_image_1.jpg,9.8
1499,753_image_2.jpg,11.75
510,247_image_1.jpg,11.4
1082,551_image_1.jpg,15.0
474,232_image_1.jpg,11.0
856,437_image_1.jpg,12.6
747,359_image_2.jpg,14.14
252,122_image_2.jpg,10.33
21,10_image_2.jpg,13.33
1337,676_image_1.jpg,14.8
459,225_image_1.jpg,20.29
1184,602_image_2.jpg,18.33
276,135_image_1.jpg,2.0
955,493_image_1.jpg,11.4
1215,619_image_1.jpg,9.0
385,194_image_1.jpg,8.0
805,392_image_2.jpg,12.0
1437,723_image_4.jpg,15.6
1515,759_image_3.png,11.67
343,172_image_2.jpg,11.91
769,370_image_3.jpg,21.67
1332,673_image_1.jpg,18.38
130,59_image_1.jpg,10.0
871,452_image_1.jpg,17.0
1123,573_image_4.jpg,15.0
1396,704_image_3.jpg,14.0
87,42_image_1.jpg,9.0
1482,742_image_2.jpg,15.67
330,165_image_1.jpg,13.33
1238,630_image_1.jpeg,12.0
466,227_image_1.jpg,10.0
121,56_image_1.jpg,29.25
1044,531_image_2.jpg,20.5
1095,559_image_2.jpg,19.33
1130,576_image_1.jpg,14.0
1294,656_image_2.jpg,12.4
860,441_image_1.jpg,12.0
1459,734_image_1.jpg,9.38
1126,575_image_1.jpg,15.5
