title,meanPrediction,bfPredictions,image_1,image_2,image_3,image_4,image_5
Bf%?,14,[14],https://i.redd.it/vsj6192suy4f1.jpeg,,,,
Trying to figure out my bf percentage before starting a bulk. 6 foot 177.,14,"[14, 14, 14]",https://preview.redd.it/trying-to-figure-out-my-bf-percentage-before-starting-a-v0-qg2a9tepox4f1.jpg?width=640&crop=smart&auto=webp&s=aee12425e1d4b39a392cc4beefab44949799dda6,https://preview.redd.it/trying-to-figure-out-my-bf-percentage-before-starting-a-v0-kmcn9lgpox4f1.jpg?width=640&crop=smart&auto=webp&s=f88f4c18cf5834a08f56884ef9f2b8e71c9b32cc,https://preview.redd.it/trying-to-figure-out-my-bf-percentage-before-starting-a-v0-nfdywqepox4f1.jpg?width=640&crop=smart&auto=webp&s=2dfc2a5a120aaf68759a7edde9505ad4a7ce71c2,https://preview.redd.it/trying-to-figure-out-my-bf-percentage-before-starting-a-v0-dkis4tepox4f1.jpg?width=640&crop=smart&auto=webp&s=03f8659af4f73a2de88fa3d34003c8de3a9fb213,
Should I increase calories or stay in a deficit? No idea what my body fat is at the moment.,14,"[14, 14]",https://i.redd.it/vja0vguily4f1.jpeg,,,,
What’s my BF%? 6’1.5 173 lbs. Aiming to get to 165 lbs before starting a lean bulk.,14,"[14, 14]",https://i.redd.it/80qvchv6oy4f1.jpeg,,,,
%?,14,[14],https://i.redd.it/4he8q30x0x4f1.jpeg,,,,
F25 5‘2“ also guess my weight,14,"[14, 14]",https://preview.redd.it/f25-5-2-also-guess-my-weight-v0-7cun9vss0v4f1.jpg?width=640&crop=smart&auto=webp&s=347182073b817026f29ea2e87c72c7154efcd69e,https://preview.redd.it/f25-5-2-also-guess-my-weight-v0-w6clhrss0v4f1.jpg?width=640&crop=smart&auto=webp&s=a7013f6a0398ed3a7f5bb5069326e3b3455481b9,,,
"M24 165lbs, what is my bodyfat?",14,"[14, 14]",https://preview.redd.it/m24-165lbs-what-is-my-bodyfat-v0-bqijyghpmv4f1.png?width=640&crop=smart&auto=webp&s=80a640c20315f6eed8497084316a431033522e26,https://preview.redd.it/m24-165lbs-what-is-my-bodyfat-v0-lkqvy2npmv4f1.png?width=640&crop=smart&auto=webp&s=ce2d0ad1db2a7d30fb0fe0cd3148b12d6dc2b7c4,https://preview.redd.it/m24-165lbs-what-is-my-bodyfat-v0-tn0pkbppmv4f1.png?width=640&crop=smart&auto=webp&s=48012352d1d78a02938d8ccfe5ee5f1bf37d82a8,https://preview.redd.it/m24-165lbs-what-is-my-bodyfat-v0-ll57rerpmv4f1.png?width=640&crop=smart&auto=webp&s=889d13777744dafb88676180e79ef06fda768b0f,
Guess my bf 170cm 138lbs/62.5kg,14,[14],https://i.redd.it/7jln5iwpyt4f1.jpeg,,,,
I’m trying to gage my body fat percentage,14,[14],https://preview.redd.it/im-trying-to-gage-my-body-fat-percentage-v0-w83jr885ts4f1.jpg?width=640&crop=smart&auto=webp&s=dd06ca761f326c707734105e166d9ca93644f174,https://preview.redd.it/im-trying-to-gage-my-body-fat-percentage-v0-wrvvg785ts4f1.jpg?width=640&crop=smart&auto=webp&s=5f3154df1689fe03d3f2513132ffd0ac8fff615e,,,
"175cm, 63kg Guess body fat",14,"[14, 14, 14, 14, 14]",https://preview.redd.it/175cm-63kg-guess-body-fat-v0-7m3g40u4vr4f1.jpg?width=640&crop=smart&auto=webp&s=1a80eb3c53218201466da3396af6433229e651c3,https://preview.redd.it/175cm-63kg-guess-body-fat-v0-j1so22u4vr4f1.jpg?width=640&crop=smart&auto=webp&s=0114da75fba2fd61e20b5ecbfd25fe4c91871922,https://preview.redd.it/175cm-63kg-guess-body-fat-v0-zlvoasu4vr4f1.jpg?width=640&crop=smart&auto=webp&s=52c3eff87a6e64fe332c0d942d5e41f48774b0ff,https://preview.redd.it/175cm-63kg-guess-body-fat-v0-m0lpzqu4vr4f1.jpg?width=640&crop=smart&auto=webp&s=569575609e4db10f4d1d04ad21513a9207cc6121,
"6 foot, 160 lbs kid What’s my body fat right now and hypothetically, if I was to compete in a bodybuilding show, how many weeks out would I be from stage lean",14,"[14, 14]",https://preview.redd.it/6-foot-160-lbs-kid-whats-my-body-fat-right-now-and-v0-twj5qa5x5s4f1.jpg?width=640&crop=smart&auto=webp&s=426cd594974f5c080059c33cdc685dfe55cf890c,https://preview.redd.it/6-foot-160-lbs-kid-whats-my-body-fat-right-now-and-v0-8zdlj85x5s4f1.jpg?width=640&crop=smart&auto=webp&s=77fe7a0f766bb2e4638a0f834758d37f41bb77ef,https://preview.redd.it/6-foot-160-lbs-kid-whats-my-body-fat-right-now-and-v0-oqtl055x5s4f1.jpg?width=640&crop=smart&auto=webp&s=6f6e52bb356912ff84d559af4720842e50f5cbed,,
